checking_status,duration,credit_history,purpose,credit_amount,savings_status,employment,installment_rate,personal_status,other_debtors,residence_since,property,age,other_installment_plans,class
0.6887372317211945,-0.801051834,1.347110632737976,0.5429499644318405,-0.916282276,-0.347964952,-0.190905831,-1.047503908,-0.864196415,-0.493886621,1.0879082239773117,0.23782765196146508,-0.488358468,0.0373803907979128,0
-1.451932543,-0.751240443,0.4505479491934533,0.5429499644318405,0.1704985927982509,-0.347964952,-0.615535872,-1.047503908,-0.864196415,-0.493886621,-0.919195184,0.23782765196146508,-0.139591165,-0.195413339,0
-1.451932543,-0.167856189,-0.604822923,-1.783978455,-0.916282276,-0.347964952,-0.291082636,-1.047503908,-0.864196415,-0.493886621,1.0879082239773117,0.23782765196146508,0.5579434420411575,-0.195413339,0
-1.451932543,-0.835666529,1.355151553666626,-1.783978455,-0.644587059,-0.850257455,-0.664876687,0.9546503761693188,1.1571443517761548,1.7697603929850454,1.0879082239773117,0.23782765196146508,-1.069637307,-0.195413339,1
0.6887372317211945,-0.962305658,0.6857448863564782,0.5429499644318405,-0.372891842,-0.347964952,-0.078767616,0.9546503761693188,1.1571443517761548,2.387118669607736,-0.919195184,0.23782765196146508,-0.720870004,-0.165065642,1
-1.451932543,-1.328714871,-0.839014745,0.5429499644318405,0.1704985927982509,1.661205062223354,-0.216323826,0.9546503761693188,1.1571443517761548,-0.082314437,-0.919195184,0.23782765196146508,-0.488358468,-0.195413339,1
0.6887372317211945,-1.194477394,0.350036437585323,0.5429499644318405,-1.187977493,-0.347964952,-0.627497282,-1.047503908,-0.864196415,-0.493886621,-0.919195184,0.23782765196146508,-0.720870004,-0.176205936,0
-1.451932543,2.2880986523177462,-0.06005053,0.5429499644318405,0.9855842442818061,1.661205062223354,0.2441904436241031,0.9546503761693188,1.1571443517761548,0.7408299319472283,-0.919195184,0.23782765196146508,-0.819687406,-0.08785188,1
0.6887372317211945,-0.315601839,-0.75559019,-1.783978455,-1.45967271,1.661205062223354,0.23222903401539735,-1.047503908,-0.864196415,-0.493886621,-0.919195184,0.23782765196146508,-0.04658655,-0.092269582,0
-1.451932543,2.041574481254177,0.46662979105075414,0.5429499644318405,-0.916282276,1.661205062223354,1.3536111848315593,0.9546503761693188,1.1571443517761548,0.12347165532453808,1.0879082239773117,0.23782765196146508,-0.488358468,-0.185809637,0
0.6887372317211945,0.16309406818417405,-0.604822923,0.5429499644318405,1.8006698957653613,1.661205062223354,0.6807818943418621,0.9546503761693188,1.1571443517761548,0.3292577475321015,1.0879082239773117,0.23782765196146508,0.40099815553614826,-0.030805891,1
0.6887372317211945,0.8317486691511146,0.048501902760932,0.5429499644318405,0.9855842442818061,1.661205062223354,0.8302995144506837,0.9546503761693188,1.1571443517761548,0.7408299319472283,1.0879082239773117,0.23782765196146508,1.662373235965297,-0.195413339,1
0.6887372317211945,-0.920092615,-0.705334434,-1.783978455,0.1704985927982509,1.661205062223354,-0.253703231,0.9546503761693188,1.1571443517761548,0.12347165532453808,1.0879082239773117,0.23782765196146508,-0.255846932,-0.155077792,0
0.6887372317211945,0.28297911027673167,0.048501902760932,0.5429499644318405,1.8006698957653613,1.661205062223354,1.5778876149947916,0.9546503761693188,1.1571443517761548,0.7408299319472283,1.0879082239773117,0.23782765196146508,-1.069637307,-0.003339305,1
0.6887372317211945,2.280500304579485,-0.41184082,0.5429499644318405,0.1704985927982509,-0.347964952,0.0572934184880761,-1.047503908,-0.864196415,-0.493886621,1.0879082239773117,0.23782765196146508,0.7904549776041343,-0.195413339,0
0.6887372317211945,1.3940264017824051,0.25756584690584305,0.5429499644318405,-0.916282276,-0.347964952,-0.652915277,-1.047503908,-0.864196415,-0.493886621,-0.919195184,0.23782765196146508,-1.069637307,0.3212658138083045,1
0.6887372317211945,-0.167856189,-0.052009609,0.5429499644318405,0.44219380995943597,-0.347964952,1.5778876149947916,0.9546503761693188,1.1571443517761548,-0.082314437,1.0879082239773117,0.23782765196146508,0.8485828614948784,-0.195413339,1
-1.451932543,-1.067838265,0.8525939956259746,0.5429499644318405,-0.372891842,-0.347964952,-0.440600256,0.9546503761693188,1.1571443517761548,-0.082314437,-0.919195184,0.23782765196146508,-0.558111929,-0.081897585,1
0.6887372317211945,-0.976658093,-0.705334434,-1.783978455,-0.916282276,-0.347964952,-0.627497282,-1.047503908,-0.864196415,-0.493886621,-0.919195184,0.23782765196146508,-0.255846932,-0.194645043,0
-1.451932543,-0.772346964,0.18218221319974534,0.5429499644318405,0.9855842442818061,-0.347964952,0.10812940932507542,0.9546503761693188,1.1571443517761548,0.9466160241547917,-0.919195184,0.23782765196146508,-0.319787605,0.4301717913772437,1
-1.451932543,-0.28689697,-0.839014745,0.5429499644318405,-0.372891842,-0.347964952,-0.652915277,-1.047503908,-0.864196415,-0.493886621,-0.919195184,0.23782765196146508,0.4416876742596692,-0.002571008,0
-1.451932543,-1.046731744,-0.839014745,-1.783978455,-0.372891842,-0.347964952,-0.489941071,0.9546503761693188,-0.864196415,-0.493886621,1.0879082239773117,0.23782765196146508,-0.139591165,-0.195413339,0
0.6887372317211945,0.810642147655946,-0.688247477,0.5429499644318405,-1.45967271,-0.347964952,-0.615535872,-1.047503908,-0.864196415,-0.493886621,-0.919195184,0.23782765196146508,-0.093088858,-0.195413339,0
0.6887372317211945,0.8452568429080222,-0.604822923,0.5429499644318405,-0.916282276,-0.347964952,-0.602079286,0.9546503761693188,-0.864196415,-0.493886621,-0.919195184,0.23782765196146508,-0.139591165,-0.195413339,0
0.6887372317211945,-1.018871136,0.9701924642074873,0.5429499644318405,-0.372891842,-0.347964952,-0.428638847,-1.047503908,-0.864196415,-0.493886621,-0.919195184,0.23782765196146508,-0.604614236,-0.128187427,0
0.6887372317211945,0.09977450369866832,-0.655078678,0.5429499644318405,1.5289746786041762,1.661205062223354,0.9798171345595054,0.9546503761693188,1.1571443517761548,0.12347165532453808,1.0879082239773117,0.23782765196146508,-1.069637307,-0.195413339,1
0.6887372317211945,-0.765592878,-0.931485335,-1.783978455,-0.916282276,-0.347964952,-0.627497282,-1.047503908,-0.864196415,-0.493886621,-0.919195184,0.23782765196146508,0.09292037091520411,-0.181968157,0
0.6887372317211945,0.13523345981055165,-0.345503223,-1.783978455,0.1704985927982509,1.661205062223354,-0.054844797,0.9546503761693188,1.1571443517761548,-0.288100529,1.0879082239773117,0.23782765196146508,-0.023335397,3.2671052811360295,1
-1.451932543,-0.075831755,1.4556630652747564,0.5429499644318405,0.1704985927982509,-0.347964952,-0.066806206,0.9546503761693188,1.1571443517761548,-0.288100529,-0.919195184,0.23782765196146508,0.20917613869669247,-0.191763932,1
0.6887372317211945,-0.716625748,-0.454055655,0.5429499644318405,0.1704985927982509,-0.347964952,-0.340423451,0.9546503761693188,1.1571443517761548,1.7697603929850454,1.0879082239773117,0.23782765196146508,-0.720870004,0.22407635234466566,1
0.6887372317211945,-0.385675491,-0.805845946,0.5429499644318405,0.1704985927982509,1.661205062223354,0.6060230842874513,0.9546503761693188,1.1571443517761548,0.12347165532453808,1.0879082239773117,0.23782765196146508,0.7439526704915389,-0.166602234,1
-1.451932543,-0.941199136,1.1541285304503655,-1.783978455,1.8006698957653613,1.661205062223354,-0.664876687,-1.047503908,-0.864196415,-0.493886621,1.0879082239773117,0.23782765196146508,-0.174467895,-0.18926697,0
0.6887372317211945,1.7528372672002708,-0.680206556,-1.783978455,0.1704985927982509,1.661205062223354,2.1639966858213726,0.9546503761693188,-0.864196415,-0.493886621,1.0879082239773117,0.23782765196146508,0.09292037091520411,-0.176205936,0
0.6887372317211945,-0.716625748,1.355151553666626,0.5429499644318405,0.44219380995943597,1.661205062223354,-0.029426801,0.9546503761693188,1.1571443517761548,1.7697603929850454,1.0879082239773117,0.23782765196146508,0.6160713259319017,-0.140864313,1
0.6887372317211945,0.9507894503838651,-0.705334434,0.5429499644318405,-0.101196624,-0.347964952,3.484237271382267,-1.047503908,1.1571443517761548,-0.288100529,1.0879082239773117,0.23782765196146508,0.9764642060545157,-0.173901047,0
0.6887372317211945,3.6524242017654425,2.862824227788581,-1.783978455,-1.731367927,-1.854842462,-0.652915277,-1.047503908,1.1571443517761548,-0.082314437,-0.919195184,0.23782765196146508,-1.069637307,-0.127995353,0
0.6887372317211945,-0.554527663,1.5561745768828867,0.5429499644318405,-0.372891842,-0.347964952,0.23222903401539735,0.9546503761693188,-0.864196415,-0.493886621,1.0879082239773117,-3.111173978,-0.953381539,-0.195413339,1
0.6887372317211945,0.6764046709466736,1.8406221547338957,0.5429499644318405,0.44219380995943597,-0.347964952,1.9143022602396402,0.9546503761693188,1.1571443517761548,0.7408299319472283,1.0879082239773117,0.23782765196146508,-0.66274212,-0.195413339,1
-1.451932543,1.3661657934087827,0.651570972409714,0.5429499644318405,0.1704985927982509,-0.347964952,1.6900258300764077,0.9546503761693188,1.1571443517761548,0.7408299319472283,1.0879082239773117,0.23782765196146508,-1.069637307,0.04659994445454257,1
-1.451932543,1.3383051850351604,-0.353544144,0.5429499644318405,1.8006698957653613,-0.347964952,3.484237271382267,0.9546503761693188,1.1571443517761548,-0.082314437,1.0879082239773117,0.23782765196146508,1.9471998670299435,0.13188081577836794,1
0.6887372317211945,-0.7090274,-0.956613213,0.5429499644318405,1.5289746786041762,-0.347964952,-0.639458691,0.9546503761693188,-0.864196415,-0.493886621,-0.919195184,0.23782765196146508,-1.069637307,-0.195413339,1
0.6887372317211945,-0.758838791,-0.655078678,-1.783978455,-0.372891842,-0.347964952,-0.503397657,-1.047503908,-0.864196415,-0.493886621,1.0879082239773117,0.23782765196146508,-0.3721027,-0.182544379,0
0.6887372317211945,-0.406782012,-0.730462312,0.5429499644318405,1.8006698957653613,1.661205062223354,-0.291082636,0.9546503761693188,-0.864196415,-0.493886621,-0.919195184,0.23782765196146508,-1.069637307,0.8221948958185221,1
0.6887372317211945,2.681524212987688,-0.848060781,0.5429499644318405,0.1704985927982509,-0.347964952,-0.489941071,0.9546503761693188,1.1571443517761548,0.12347165532453808,1.0879082239773117,0.23782765196146508,-0.023335397,-0.195413339,0
0.6887372317211945,-0.66006027,-0.873188659,-1.783978455,0.1704985927982509,-0.347964952,-0.652915277,-1.047503908,1.1571443517761548,-0.082314437,-0.919195184,0.23782765196146508,-0.325600393,-0.194260895,0
-1.451932543,-0.913338528,1.1038727746463004,0.5429499644318405,0.9855842442818061,-0.347964952,-0.452561666,0.9546503761693188,1.1571443517761548,-0.082314437,1.0879082239773117,0.23782765196146508,-0.784810676,-0.195413339,1
-1.451932543,-0.596740706,-0.604822923,-1.783978455,0.1704985927982509,-0.347964952,-0.615535872,-1.047503908,-0.864196415,-0.493886621,-0.919195184,0.23782765196146508,-0.30234924,-0.195413339,0
0.6887372317211945,-1.300010002,-0.948572292,0.5429499644318405,0.1704985927982509,-0.347964952,-0.652915277,-1.047503908,-0.864196415,-0.493886621,-0.919195184,0.23782765196146508,-1.069637307,-0.195413339,1
-1.451932543,-0.174610276,-0.554567167,-1.783978455,0.7138890271206211,1.661205062223354,-0.066806206,-1.047503908,-0.864196415,-0.493886621,-0.919195184,0.23782765196146508,0.4184365207033715,-0.19214808,0
-1.451932543,1.795050310190608,2.0587321349235386,0.5429499644318405,0.1704985927982509,-0.347964952,0.9798171345595054,0.9546503761693188,1.1571443517761548,2.387118669607736,-0.919195184,0.23782765196146508,-1.069637307,0.2271495368968756,1
0.6887372317211945,0.06431554758678497,-0.253032632,0.5429499644318405,-0.916282276,-0.347964952,-0.515359067,-1.047503908,-0.864196415,-0.493886621,1.0879082239773117,0.23782765196146508,0.2789295993655855,-0.195413339,0
0.6887372317211945,-0.88547792,-0.127393243,-1.783978455,-1.187977493,1.661205062223354,-0.652915277,-1.047503908,-0.864196415,-0.493886621,-0.919195184,0.23782765196146508,-0.255846932,-0.176205936,0
0.6887372317211945,-0.28689697,-0.931485335,-1.783978455,-0.916282276,-0.347964952,-0.639458691,-1.047503908,-0.864196415,-0.493886621,-0.919195184,0.23782765196146508,0.1859249851403948,0.20794213344556356,0
0.6887372317211945,-1.061084179,-0.604822923,-1.783978455,0.1704985927982509,-0.347964952,0.03337059927066462,-1.047503908,-0.864196415,-0.493886621,1.0879082239773117,0.23782765196146508,-0.418605007,-0.194260895,0
0.6887372317211945,-0.336708361,-0.303288388,-1.783978455,0.9855842442818061,1.661205062223354,0.8557175098691834,-1.047503908,1.1571443517761548,-0.082314437,1.0879082239773117,0.23782765196146508,1.0752816086687806,-0.195221265,0
0.6887372317211945,-0.315601839,-0.655078678,0.5429499644318405,0.44219380995943597,-0.347964952,-0.066806206,0.9546503761693188,1.1571443517761548,1.7697603929850454,1.0879082239773117,0.23782765196146508,1.453112853958618,-0.188690748,1
0.6887372317211945,0.711863627058557,0.350036437585323,0.5429499644318405,-0.372891842,0.15432755179287966,0.38174665412421893,0.9546503761693188,1.1571443517761548,-0.288100529,-0.919195184,0.23782765196146508,-1.069637307,-0.099376322,1
-1.451932543,0.48644597749015644,-0.454055655,0.5429499644318405,-1.187977493,1.661205062223354,-0.602079286,-1.047503908,-0.864196415,-0.493886621,-0.919195184,0.23782765196146508,0.4416876742596692,-0.148163127,0
0.6887372317211945,0.9229288420102427,0.03141494578754985,-1.783978455,0.44219380995943597,-0.347964952,0.2815698486513085,0.9546503761693188,-0.864196415,-0.493886621,1.0879082239773117,0.23782765196146508,-0.767372311,0.08155741873593045,1
0.6887372317211945,2.1260005672348514,1.5059188210788217,0.5429499644318405,-0.101196624,-0.347964952,-0.291082636,0.9546503761693188,1.1571443517761548,0.3292577475321015,1.0879082239773117,0.23782765196146508,0.09292037091520411,-0.195413339,1
0.6887372317211945,0.9794943196172946,0.048501902760932,0.5429499644318405,-1.187977493,0.15432755179287966,0.007952603852164964,-1.047503908,-0.864196415,-0.493886621,1.0879082239773117,0.23782765196146508,-0.250034144,-0.195413339,0
-1.451932543,-0.66006027,-0.813886867,0.5429499644318405,0.44219380995943597,-0.347964952,-0.590117877,-1.047503908,1.1571443517761548,-0.288100529,1.0879082239773117,0.23782765196146508,0.3254319064781808,-0.194645043,0
0.6887372317211945,-1.103297222,-0.554567167,0.5429499644318405,-1.187977493,-0.347964952,-0.216323826,0.9546503761693188,1.1571443517761548,-0.082314437,-0.919195184,0.23782765196146508,-0.3721027,-0.137791129,1
-1.451932543,0.7819372784225165,-0.253032632,0.5429499644318405,-1.187977493,0.15432755179287966,-0.515359067,-1.047503908,-0.864196415,-0.493886621,-0.919195184,-3.111173978,5.673197224426645,-0.195413339,0
-1.451932543,-0.596740706,-0.856101702,0.5429499644318405,0.9855842442818061,1.661205062223354,-0.216323826,0.9546503761693188,-0.864196415,-0.493886621,-0.919195184,0.23782765196146508,0.5579434420411575,-0.037144335,1
0.6887372317211945,0.8807157990199055,1.0114021839668204,0.5429499644318405,1.8006698957653613,1.661205062223354,1.7154438254949078,0.9546503761693188,1.1571443517761548,1.1524021163623552,-0.919195184,0.23782765196146508,-1.069637307,-0.195413339,1
-1.451932543,-1.018871136,-0.923444414,0.5429499644318405,0.9855842442818061,-0.347964952,-0.652915277,-1.047503908,-0.864196415,-0.493886621,1.0879082239773117,0.23782765196146508,1.1392222809485992,-0.195413339,0
0.6887372317211945,-0.850018964,1.355151553666626,0.5429499644318405,-1.187977493,-0.347964952,-0.515359067,0.9546503761693188,-0.864196415,-0.493886621,1.0879082239773117,0.23782765196146508,-0.488358468,-0.182352305,0
0.6887372317211945,-0.026864625,-0.386712943,0.5429499644318405,-1.731367927,-1.854842462,-0.664876687,-1.047503908,1.1571443517761548,0.535043839739665,-0.919195184,0.23782765196146508,-0.04658655,-0.16737053,0
0.6887372317211945,-0.364568969,-0.637991722,0.5429499644318405,1.5289746786041762,1.661205062223354,-0.116147021,0.9546503761693188,1.1571443517761548,1.975546485192609,1.0879082239773117,0.23782765196146508,2.319218323930706,-0.058464552,1
0.6887372317211945,1.450591879389457,4.337328103079853,-1.783978455,-1.731367927,-1.854842462,-0.664876687,0.9546503761693188,-0.864196415,-0.493886621,1.0879082239773117,0.23782765196146508,-1.069637307,-0.195413339,0
-1.451932543,-0.096938277,-0.680206556,0.5429499644318405,0.44219380995943597,1.661205062223354,-0.652915277,-1.047503908,1.1571443517761548,0.12347165532453808,-0.919195184,0.23782765196146508,-1.069637307,-0.189074896,0
0.6887372317211945,-0.181364363,-0.705334434,0.5429499644318405,0.44219380995943597,-0.347964952,-0.141565016,-1.047503908,-0.864196415,-0.493886621,-0.919195184,0.23782765196146508,0.09292037091520411,-0.195413339,0
0.6887372317211945,-0.280142883,0.05654282368958243,-1.783978455,0.1704985927982509,0.15432755179287966,-0.216323826,0.9546503761693188,1.1571443517761548,1.1524021163623552,1.0879082239773117,0.23782765196146508,-0.232595779,-0.194068821,1
0.6887372317211945,0.7329701485537256,3.365381785829233,0.5429499644318405,0.7138890271206211,2.1634975657001787,5.3158281177153315,0.9546503761693188,1.1571443517761548,1.7697603929850454,-0.919195184,0.23782765196146508,-1.069637307,0.035075502383755355,1
0.6887372317211945,0.4163723261261969,-0.102265365,0.5429499644318405,0.9855842442818061,-0.347964952,0.38174665412421893,-1.047503908,-0.864196415,-0.493886621,-0.919195184,0.23782765196146508,1.5693686217401062,-0.185809637,0
0.6887372317211945,-0.505560533,-0.889270501,0.5429499644318405,-0.916282276,1.661205062223354,0.38174665412421893,-1.047503908,-0.864196415,-0.493886621,1.0879082239773117,0.23782765196146508,0.9067107453856226,-0.195413339,0
0.6887372317211945,-0.146749667,-0.253032632,0.5429499644318405,0.1704985927982509,-0.347964952,-0.615535872,-1.047503908,-0.864196415,-0.493886621,-0.919195184,0.23782765196146508,0.1859249851403948,-0.195413339,0
0.6887372317211945,-0.716625748,-0.956613213,0.5429499644318405,-0.916282276,-0.347964952,-0.365841446,-1.047503908,1.1571443517761548,1.7697603929850454,-0.919195184,-3.111173978,-1.069637307,-0.195413339,0
-1.451932543,0.05080737382987737,-0.663119599,0.5429499644318405,0.44219380995943597,-0.347964952,-0.340423451,0.9546503761693188,1.1571443517761548,2.7986908540228628,-0.919195184,0.23782765196146508,-0.3721027,0.20390857872078805,1
0.6887372317211945,-0.540175228,-0.253032632,0.5429499644318405,1.5289746786041762,-0.347964952,-0.477979662,0.9546503761693188,1.1571443517761548,0.9466160241547917,-0.919195184,0.23782765196146508,-1.069637307,1.1604372705961268,1
-1.451932543,0.30408563177190023,-0.202776876,0.5429499644318405,-1.731367927,-1.854842462,-0.664876687,-1.047503908,1.1571443517761548,0.7408299319472283,-0.919195184,0.23782765196146508,-1.069637307,-0.156998532,0
-1.451932543,-1.096543135,1.0536170188422351,0.5429499644318405,-1.45967271,-0.347964952,-0.540777062,-1.047503908,-0.864196415,-0.493886621,-0.919195184,0.23782765196146508,-0.604614236,-0.18734623,0
0.6887372317211945,0.7051095401801032,0.048501902760932,0.5429499644318405,-1.187977493,0.15432755179287966,-0.602079286,-1.047503908,-0.864196415,-0.493886621,-0.919195184,0.23782765196146508,2.1273963070912503,-0.195413339,0
0.6887372317211945,-0.687920879,-0.75559019,0.5429499644318405,0.1704985927982509,-0.347964952,-0.515359067,-1.047503908,-0.864196415,-0.493886621,1.0879082239773117,-3.111173978,0.5579434420411575,-0.195413339,0
0.6887372317211945,0.5075524989853251,-0.956613213,0.5429499644318405,0.1704985927982509,-0.347964952,-0.664876687,-1.047503908,-0.864196415,-0.493886621,-0.919195184,3.586829281622914,-8.42E-05,-0.195413339,1
-1.451932543,-0.575634184,1.7903663989298304,0.5429499644318405,0.9855842442818061,1.661205062223354,-0.216323826,-1.047503908,-0.864196415,-0.493886621,-0.919195184,0.23782765196146508,0.5579434420411575,-0.195221265,0
-1.451932543,1.302846228923277,1.6566860884910173,0.5429499644318405,-1.187977493,0.15432755179287966,0.8796403290865948,0.9546503761693188,1.1571443517761548,1.3581882085699186,1.0879082239773117,0.23782765196146508,-1.069637307,-0.195413339,1
0.6887372317211945,0.21965954579122596,0.09875765856499716,0.5429499644318405,0.44219380995943597,-0.347964952,-0.639458691,-1.047503908,-0.864196415,-0.493886621,1.0879082239773117,0.23782765196146508,0.6160713259319017,-0.194260895,1
0.6887372317211945,-0.793453486,-0.839014745,-1.783978455,-1.731367927,-1.854842462,-0.664876687,-1.047503908,-0.864196415,-0.493886621,-0.919195184,0.23782765196146508,-0.488358468,-0.195413339,0
0.6887372317211945,-0.322355926,-0.697293513,0.5429499644318405,-0.916282276,1.661205062223354,-0.590117877,-1.047503908,-0.864196415,-0.493886621,1.0879082239773117,-3.111173978,-0.255846932,-0.195413339,0
0.6887372317211945,0.9440353635054113,-0.135434163,0.5429499644318405,-0.372891842,-0.347964952,-0.652915277,-1.047503908,-0.864196415,-0.493886621,-0.919195184,0.23782765196146508,-0.441856161,-0.176205936,0
0.6887372317211945,-0.244683927,1.9582206233154082,0.5429499644318405,-1.45967271,-0.347964952,-0.627497282,-1.047503908,-0.864196415,-0.493886621,-0.919195184,0.23782765196146508,-1.069637307,-0.140480165,0
0.6887372317211945,0.39526580463102834,0.048501902760932,0.5429499644318405,0.1704985927982509,0.15432755179287966,0.08271141390657576,0.9546503761693188,1.1571443517761548,0.7408299319472283,-0.919195184,0.23782765196146508,-1.069637307,-0.124922168,1
-1.451932543,-1.13115783,1.0536170188422351,-1.783978455,0.9855842442818061,1.661205062223354,-0.615535872,-1.047503908,-0.864196415,-0.493886621,-0.919195184,0.23782765196146508,0.9067107453856226,-0.195413339,0
0.6887372317211945,-0.871125485,-0.655078678,0.5429499644318405,0.44219380995943597,-0.347964952,-0.216323826,-1.047503908,-0.864196415,-0.493886621,-0.919195184,0.23782765196146508,-0.197719049,-0.193876747,1
-1.451932543,0.6206834541994288,-0.62190988,0.5429499644318405,-0.372891842,-0.347964952,-0.590117877,-1.047503908,-0.864196415,-0.493886621,-0.919195184,0.23782765196146508,-1.069637307,-0.120504466,0
0.6887372317211945,0.022102504596447824,-0.948572292,-1.783978455,-0.101196624,-0.347964952,-0.652915277,-1.047503908,-0.864196415,-0.493886621,-0.919195184,0.23782765196146508,-1.069637307,-0.195413339,0
-1.451932543,-1.202075742,0.9531055072341049,0.5429499644318405,-0.372891842,-0.347964952,-0.141565016,-1.047503908,1.1571443517761548,1.563974300777482,1.0879082239773117,0.23782765196146508,-1.069637307,-0.193492599,0
-1.451932543,-0.941199136,-0.788758989,0.5429499644318405,0.9855842442818061,-0.347964952,-0.190905831,0.9546503761693188,1.1571443517761548,-0.288100529,-0.919195184,0.23782765196146508,-1.069637307,-0.195413339,1
-1.451932543,0.6341916279563364,-0.15252112,0.5429499644318405,0.1704985927982509,-0.347964952,0.23222903401539735,-1.047503908,-0.864196415,-0.493886621,-0.919195184,0.23782765196146508,1.7205011198560412,-0.195413339,0
0.6887372317211945,0.5995769327042603,-0.914398378,0.5429499644318405,-0.916282276,-0.347964952,-0.639458691,0.9546503761693188,-0.864196415,-0.493886621,1.0879082239773117,0.23782765196146508,0.5579434420411575,-0.195413339,1
0.6887372317211945,-0.329110013,1.8074533559032129,0.5429499644318405,0.44219380995943597,-0.347964952,1.0545759446139162,0.9546503761693188,-0.864196415,-0.493886621,1.0879082239773117,0.23782765196146508,1.761190638579562,-0.099376322,1
0.6887372317211945,-0.322355926,-0.839014745,-1.783978455,1.5289746786041762,-0.347964952,-0.590117877,0.9546503761693188,1.1571443517761548,-0.082314437,-0.919195184,0.23782765196146508,0.4416876742596692,-0.099376322,1
0.6887372317211945,-1.061084179,-0.956613213,-1.783978455,-1.731367927,-1.854842462,-0.664876687,-1.047503908,1.1571443517761548,0.3292577475321015,-0.919195184,0.23782765196146508,-0.808061829,-0.195221265,0
-1.451932543,-0.554527663,-0.780718068,0.5429499644318405,1.8006698957653613,1.661205062223354,-0.353880037,0.9546503761693188,-0.864196415,-0.493886621,1.0879082239773117,0.23782765196146508,-0.139591165,0.9301405032148956,1
0.6887372317211945,-0.329110013,-0.554567167,0.5429499644318405,1.8006698957653613,1.661205062223354,-0.365841446,0.9546503761693188,1.1571443517761548,0.3292577475321015,-0.919195184,0.23782765196146508,-0.255846932,1.2535931773349902,1
0.6887372317211945,-0.786699399,0.8525939956259746,0.5429499644318405,-0.372891842,-0.347964952,-0.639458691,-1.047503908,-0.864196415,-0.493886621,-0.919195184,0.23782765196146508,-1.069637307,-0.195413339,0
-1.451932543,1.5417720522485852,1.77428455707253,0.5429499644318405,-0.916282276,1.661205062223354,1.8769228552124348,0.9546503761693188,-0.864196415,-0.493886621,1.0879082239773117,0.23782765196146508,-1.069637307,-0.195413339,1
0.6887372317211945,0.06431554758678497,-0.454055655,0.5429499644318405,0.1704985927982509,-0.347964952,-0.291082636,-1.047503908,-0.864196415,-0.493886621,1.0879082239773117,0.23782765196146508,0.5579434420411575,-0.195413339,0
0.6887372317211945,0.564117976592377,1.0787448967442679,-1.783978455,-0.916282276,-0.347964952,-0.627497282,-1.047503908,-0.864196415,-0.493886621,-0.919195184,0.23782765196146508,-0.139591165,-0.195413339,0
0.6887372317211945,1.3307068372968993,0.350036437585323,0.5429499644318405,0.1704985927982509,-0.347964952,-0.365841446,-1.047503908,-0.864196415,-0.493886621,1.0879082239773117,0.23782765196146508,-1.069637307,-0.151620459,0
0.6887372317211945,-0.315601839,-0.15252112,-1.783978455,-1.187977493,1.661205062223354,1.0545759446139162,0.9546503761693188,1.1571443517761548,-0.082314437,1.0879082239773117,0.23782765196146508,-0.633678178,-0.195413339,0
-1.451932543,0.3530527616406912,-0.772677147,0.5429499644318405,-0.372891842,-0.347964952,-0.440600256,0.9546503761693188,1.1571443517761548,0.3292577475321015,-0.919195184,0.23782765196146508,-1.069637307,0.1086398576022804,1
0.6887372317211945,0.16984815506262785,-0.906357458,0.5429499644318405,-1.187977493,0.15432755179287966,0.5312642742330406,-1.047503908,-0.864196415,-0.493886621,1.0879082239773117,-3.111173978,1.371733816511576,-0.195413339,0
0.6887372317211945,0.21206119805296497,-0.940531371,-1.783978455,-0.101196624,0.15432755179287966,-0.652915277,0.9546503761693188,1.1571443517761548,-0.288100529,1.0879082239773117,0.23782765196146508,0.5579434420411575,0.18873472999425153,1
-1.451932543,-0.913338528,1.1209597316196827,0.5429499644318405,1.5289746786041762,1.661205062223354,-0.564699881,0.9546503761693188,1.1571443517761548,-0.288100529,1.0879082239773117,0.23782765196146508,-0.604614236,-0.185809637,1
0.6887372317211945,0.13523345981055165,-0.75559019,0.5429499644318405,1.8006698957653613,-0.347964952,-0.440600256,0.9546503761693188,1.1571443517761548,0.9466160241547917,1.0879082239773117,0.23782765196146508,0.9067107453856226,0.5865200554709236,1
0.6887372317211945,-0.744486356,1.2546400420584958,0.5429499644318405,0.9855842442818061,-0.347964952,0.08271141390657576,0.9546503761693188,1.1571443517761548,0.9466160241547917,1.0879082239773117,0.23782765196146508,-0.488358468,-0.040025445,1
0.6887372317211945,1.450591879389457,0.7520824840178443,0.5429499644318405,0.1704985927982509,1.661205062223354,3.0730638160830077,0.9546503761693188,1.1571443517761548,1.3581882085699186,-0.919195184,0.23782765196146508,-0.017522608,0.12246918808722507,1
0.6887372317211945,0.7608307569273479,0.048501902760932,0.5429499644318405,0.1704985927982509,-0.347964952,0.8302995144506837,0.9546503761693188,1.1571443517761548,0.9466160241547917,-0.919195184,0.23782765196146508,-1.069637307,0.39329357675072457,1
0.6887372317211945,-0.920092615,-0.788758989,-1.783978455,0.1704985927982509,-0.347964952,-0.066806206,-1.047503908,-0.864196415,-0.493886621,1.0879082239773117,-3.111173978,0.3254319064781808,-0.195413339,0
-1.451932543,0.6063310195827141,-0.655078678,0.5429499644318405,-1.731367927,-1.854842462,-0.664876687,-1.047503908,-0.864196415,-0.493886621,-0.919195184,0.23782765196146508,-0.627865389,-0.195413339,0
-1.451932543,2.1538611756084736,2.9633357393967117,0.5429499644318405,0.1704985927982509,-0.347964952,0.9798171345595054,0.9546503761693188,1.1571443517761548,0.9466160241547917,-0.919195184,0.23782765196146508,-1.069637307,0.3808087645073718,1
-1.451932543,-0.026864625,-0.202776876,0.5429499644318405,1.5289746786041762,1.661205062223354,-0.477979662,0.9546503761693188,1.1571443517761548,1.3581882085699186,1.0879082239773117,0.23782765196146508,-0.017522608,-0.195413339,1
0.6887372317211945,-0.807805921,-0.797805025,0.5429499644318405,0.44219380995943597,-0.347964952,-0.578156467,-1.047503908,1.1571443517761548,-0.288100529,-0.919195184,0.23782765196146508,1.371733816511576,-0.141056387,0
-1.451932543,2.2593937830843167,1.0536170188422351,0.5429499644318405,0.9855842442818061,-0.347964952,0.5312642742330406,0.9546503761693188,1.1571443517761548,2.387118669607736,-0.919195184,0.23782765196146508,-1.069637307,0.1122892642580297,1
0.6887372317211945,-0.223577406,-0.88122958,0.5429499644318405,0.1704985927982509,-0.347964952,-0.578156467,-1.047503908,-0.864196415,-0.493886621,-0.919195184,0.23782765196146508,0.20917613869669247,-0.168522974,0
-1.451932543,1.2184201429426027,-0.15252112,0.5429499644318405,-0.644587059,-0.850257455,-0.664876687,0.9546503761693188,-0.864196415,-0.493886621,-0.919195184,0.23782765196146508,-0.488358468,-0.011022266,1
0.6887372317211945,-0.892232007,-0.353544144,-1.783978455,-1.45967271,-0.347964952,-0.340423451,0.9546503761693188,1.1571443517761548,1.1524021163623552,1.0879082239773117,0.23782765196146508,-0.139591165,-0.195221265,1
-1.451932543,-0.575634184,1.5561745768828867,0.5429499644318405,-0.372891842,-0.347964952,-0.216323826,0.9546503761693188,1.1571443517761548,1.975546485192609,1.0879082239773117,0.23782765196146508,-0.3721027,-0.086507361,1
-1.451932543,-0.906584441,-0.856101702,-1.783978455,0.7138890271206211,-1.352549959,-0.365841446,-1.047503908,-0.864196415,-0.493886621,-0.919195184,0.23782765196146508,0.4416876742596692,-0.195413339,0
0.6887372317211945,-0.589986619,1.7571976000991476,-1.783978455,-1.731367927,-1.854842462,-0.664876687,-1.047503908,-0.864196415,-0.493886621,-0.919195184,0.23782765196146508,-8.42E-05,-0.195413339,0
-1.451932543,-0.427888534,-0.41184082,-1.783978455,0.1704985927982509,-0.347964952,-0.639458691,-1.047503908,-0.864196415,-0.493886621,-0.919195184,-3.111173978,-0.604614236,-0.195413339,0
0.6887372317211945,0.7895356261607774,-0.788758989,0.5429499644318405,-1.731367927,-1.854842462,-0.664876687,0.9546503761693188,-0.864196415,-0.493886621,-0.919195184,0.23782765196146508,-0.313974816,-0.195221265,0
-1.451932543,0.5708720634708307,-0.069096566,0.5429499644318405,0.1704985927982509,-0.347964952,-0.627497282,-1.047503908,-0.864196415,-0.493886621,-0.919195184,0.23782765196146508,-0.139591165,-0.195413339,0
0.6887372317211945,-1.012117049,-0.839014745,0.5429499644318405,-1.731367927,-1.854842462,-0.664876687,-1.047503908,1.1571443517761548,0.12347165532453808,-0.919195184,0.23782765196146508,0.9648386292763668,-0.047708406,0
0.6887372317211945,0.6485440625730512,0.9531055072341049,0.5429499644318405,-0.101196624,-0.347964952,1.2788523747771483,0.9546503761693188,1.1571443517761548,2.387118669607736,-0.919195184,0.23782765196146508,0.3254319064781808,0.689471737969956,1
0.6887372317211945,-0.491208098,-0.856101702,0.5429499644318405,0.1704985927982509,-0.347964952,-0.228285236,0.9546503761693188,1.1571443517761548,0.535043839739665,1.0879082239773117,0.23782765196146508,0.7439526704915389,-0.195413339,1
-1.451932543,1.2251742298210566,-0.353544144,0.5429499644318405,0.1704985927982509,-0.347964952,0.04533200887937036,0.9546503761693188,1.1571443517761548,1.1524021163623552,1.0879082239773117,0.23782765196146508,1.23222689517379,0.6034225705080781,1
0.6887372317211945,-1.004518701,1.0536170188422351,-1.783978455,-0.916282276,1.661205062223354,-0.415182261,0.9546503761693188,-0.864196415,-0.493886621,1.0879082239773117,0.23782765196146508,-0.255846932,-0.195413339,0
-1.451932543,-0.786699399,-0.705334434,-1.783978455,-1.731367927,-1.854842462,0.30698784406980817,-1.047503908,-0.864196415,-0.493886621,-0.919195184,0.23782765196146508,0.5579434420411575,-0.195413339,0
0.6887372317211945,-1.075436613,-0.244991711,-1.783978455,-1.731367927,-1.854842462,-0.664876687,-1.047503908,-0.864196415,-0.493886621,1.0879082239773117,0.23782765196146508,-0.023335397,-0.195221265,0
0.6887372317211945,2.7448437774731937,3.063847251004842,0.5429499644318405,1.8006698957653613,1.661205062223354,4.568240017171224,0.9546503761693188,1.1571443517761548,1.3581882085699186,1.0879082239773117,0.23782765196146508,-1.069637307,-0.003339305,1
-1.451932543,-1.272149393,-0.705334434,0.5429499644318405,0.9855842442818061,-0.347964952,-0.590117877,-1.047503908,1.1571443517761548,-0.288100529,-0.919195184,0.23782765196146508,-0.441856161,-0.176590084,0
-1.451932543,3.132359512124489,2.0587321349235386,0.5429499644318405,0.7138890271206211,2.1634975657001787,-0.664876687,0.9546503761693188,1.1571443517761548,2.387118669607736,-0.919195184,0.23782765196146508,-1.069637307,0.453028601484305,1
0.6887372317211945,3.8145222868483373,3.5241899741700786,0.5429499644318405,0.7138890271206211,2.1634975657001787,3.1478226261374185,0.9546503761693188,1.1571443517761548,-0.288100529,1.0879082239773117,0.23782765196146508,-1.069637307,-0.174477269,1
-1.451932543,-1.321116523,-0.378672022,0.5429499644318405,0.9855842442818061,-0.347964952,-0.639458691,-1.047503908,-0.864196415,-0.493886621,-0.919195184,0.23782765196146508,-0.3721027,-0.195413339,0
0.6887372317211945,0.2753807625384707,-0.15252112,0.5429499644318405,-1.45967271,0.15432755179287966,3.0730638160830077,0.9546503761693188,-0.864196415,-0.493886621,1.0879082239773117,0.23782765196146508,-8.42E-05,-0.195413339,0
-1.451932543,1.3383051850351604,0.651570972409714,0.5429499644318405,0.7138890271206211,0.15432755179287966,1.2788523747771483,0.9546503761693188,1.1571443517761548,0.7408299319472283,-0.919195184,0.23782765196146508,1.1101583390032272,9.619569824588455,1
0.6887372317211945,-0.7090274,-0.956613213,0.5429499644318405,0.1704985927982509,-0.347964952,-0.664876687,-1.047503908,-0.864196415,-0.493886621,-0.919195184,3.586829281622914,-8.42E-05,-0.195413339,1
0.6887372317211945,1.1483464915786432,-0.655078678,0.5429499644318405,0.1704985927982509,-0.347964952,0.08271141390657576,0.9546503761693188,-0.864196415,-0.493886621,1.0879082239773117,0.23782765196146508,-0.255846932,-0.195413339,0
0.6887372317211945,-1.384436088,0.4505479491934533,0.5429499644318405,0.7138890271206211,-0.347964952,-0.365841446,-1.047503908,-0.864196415,-0.493886621,-0.919195184,0.23782765196146508,2.4180357265449715,-0.195413339,0
0.6887372317211945,-1.075436613,-0.873188659,-1.783978455,0.1704985927982509,-0.347964952,-0.615535872,-1.047503908,1.1571443517761548,-0.288100529,-0.919195184,0.23782765196146508,0.09292037091520411,-0.195221265,0
0.6887372317211945,1.7671897018169855,0.350036437585323,0.5429499644318405,-0.916282276,-0.347964952,1.2160549743314435,0.9546503761693188,1.1571443517761548,2.592904761815299,-0.919195184,0.23782765196146508,-1.069637307,1.9561999955839837,1
0.6887372317211945,-1.046731744,-0.956613213,-1.783978455,-0.101196624,0.15432755179287966,-0.664876687,-1.047503908,-0.864196415,-0.493886621,1.0879082239773117,-3.111173978,1.8367568876375295,-0.195221265,1
0.6887372317211945,-1.145510265,-0.923444414,0.5429499644318405,0.9855842442818061,1.1589125587465292,-0.602079286,-1.047503908,-0.864196415,-0.493886621,-0.919195184,0.23782765196146508,0.09292037091520411,-0.187730378,1
0.6887372317211945,0.5007984121068713,-0.788758989,0.5429499644318405,0.7138890271206211,-0.347964952,-0.652915277,-1.047503908,-0.864196415,-0.493886621,-0.919195184,0.23782765196146508,-0.3721027,-0.194452969,0
0.6887372317211945,-0.751240443,-0.637991722,-1.783978455,0.44219380995943597,-0.347964952,0.257647029433897,0.9546503761693188,1.1571443517761548,0.7408299319472283,-0.919195184,0.23782765196146508,-0.604614236,-0.195413339,1
0.6887372317211945,1.3729198802872364,-0.119352322,0.5429499644318405,1.8006698957653613,0.15432755179287966,-0.639458691,-1.047503908,-0.864196415,-0.493886621,1.0879082239773117,0.23782765196146508,1.953012655419018,-0.195413339,0
0.6887372317211945,0.21206119805296497,-0.454055655,0.5429499644318405,0.1704985927982509,-0.347964952,-0.365841446,-1.047503908,-0.864196415,-0.493886621,-0.919195184,0.23782765196146508,1.6042453520745528,-0.192340154,0
-1.451932543,0.1276351120722907,-0.629950801,0.5429499644318405,-1.45967271,-0.347964952,-0.503397657,-1.047503908,-0.864196415,-0.493886621,1.0879082239773117,0.23782765196146508,-1.069637307,-0.195413339,0
0.6887372317211945,0.9718959718790336,-0.88122958,-1.783978455,0.1704985927982509,-0.347964952,-0.552738472,0.9546503761693188,1.1571443517761548,1.1524021163623552,1.0879082239773117,0.23782765196146508,0.6741992098226459,-0.164297345,1
0.6887372317211945,0.24752015416484832,-0.1444802,-1.783978455,-1.187977493,0.15432755179287966,1.8769228552124348,0.9546503761693188,1.1571443517761548,0.9466160241547917,1.0879082239773117,0.23782765196146508,0.06385642896983201,-0.195413339,1
0.6887372317211945,0.9440353635054113,-0.353544144,0.5429499644318405,-1.187977493,0.15432755179287966,-0.365841446,0.9546503761693188,-0.864196415,-0.493886621,-0.919195184,0.23782765196146508,-1.069637307,-0.156998532,0
0.6887372317211945,-1.124403743,-0.923444414,0.5429499644318405,-1.45967271,-0.347964952,-0.590117877,-1.047503908,-0.864196415,-0.493886621,1.0879082239773117,-3.111173978,0.5579434420411575,-0.195413339,0
0.6887372317211945,-0.716625748,-0.454055655,0.5429499644318405,-1.731367927,-1.854842462,-0.639458691,-1.047503908,-0.864196415,-0.493886621,1.0879082239773117,0.23782765196146508,-0.488358468,0.612834198199221,0
-1.451932543,-0.765592878,0.744041563089194,-1.783978455,1.8006698957653613,-0.347964952,0.07075000429787003,-1.047503908,-0.864196415,-0.493886621,-0.919195184,0.23782765196146508,-0.116340011,-0.195413339,1
0.6887372317211945,-1.152264351,-0.915403494,0.5429499644318405,-0.372891842,-0.347964952,-0.652915277,-1.047503908,-0.864196415,-0.493886621,-0.919195184,0.23782765196146508,0.5579434420411575,-0.051357813,0
0.6887372317211945,-1.110051308,1.1370415734769832,-1.783978455,-0.372891842,-0.347964952,-0.627497282,0.9546503761693188,-0.864196415,-0.493886621,-0.919195184,0.23782765196146508,-0.3721027,-0.123385576,0
-1.451932543,-0.329110013,-0.655078678,0.5429499644318405,-0.101196624,-0.347964952,-0.066806206,0.9546503761693188,-0.864196415,-0.493886621,-0.919195184,-3.111173978,1.0694688202797062,-0.195413339,0
-1.451932543,-1.067838265,0.9028497514300398,-1.783978455,0.1704985927982509,-0.347964952,-0.365841446,0.9546503761693188,1.1571443517761548,0.3292577475321015,1.0879082239773117,0.23782765196146508,-0.604614236,-0.099376322,1
0.6887372317211945,-0.751240443,-0.805845946,0.5429499644318405,-1.187977493,-0.347964952,-0.190905831,-1.047503908,1.1571443517761548,-0.288100529,1.0879082239773117,0.23782765196146508,1.2554780487300876,-0.193684673,0
0.6887372317211945,2.6114505616237285,1.606430332686952,-1.783978455,0.1704985927982509,1.661205062223354,0.8302995144506837,0.9546503761693188,-0.864196415,-0.493886621,-0.919195184,0.23782765196146508,-0.418605007,-0.195413339,0
-1.451932543,-0.681166792,0.8525939956259746,0.5429499644318405,0.9855842442818061,-0.347964952,1.8769228552124348,0.9546503761693188,1.1571443517761548,0.535043839739665,1.0879082239773117,0.23782765196146508,-0.3721027,-0.195413339,1
0.6887372317211945,0.31083971865035404,-0.320375345,0.5429499644318405,1.8006698957653613,1.661205062223354,0.45650546417862975,0.9546503761693188,-0.864196415,-0.493886621,1.0879082239773117,0.23782765196146508,2.8830587976709245,-0.195413339,0
-1.451932543,2.132754654113305,-0.102265365,-1.783978455,-1.731367927,-1.854842462,0.8302995144506837,-1.047503908,-0.864196415,-0.493886621,1.0879082239773117,0.23782765196146508,-1.069637307,-0.194645043,0
-1.451932543,1.8372633531809452,-0.923444414,0.5429499644318405,-1.731367927,-1.854842462,-0.664876687,-1.047503908,-0.864196415,-0.493886621,1.0879082239773117,-3.111173978,-0.709244427,-0.19022734,0
0.6887372317211945,0.810642147655946,-0.1444802,0.5429499644318405,1.5289746786041762,1.661205062223354,1.42836999488597,0.9546503761693188,1.1571443517761548,1.1524021163623552,-0.919195184,0.23782765196146508,0.7904549776041343,-0.195413339,1
0.6887372317211945,0.8950682336366204,0.05654282368958243,0.5429499644318405,0.9855842442818061,1.661205062223354,3.1478226261374185,0.9546503761693188,-0.864196415,-0.493886621,1.0879082239773117,0.23782765196146508,-0.534860775,-0.195413339,1
0.6887372317211945,0.810642147655946,-0.705334434,-1.783978455,0.44219380995943597,-0.347964952,-0.590117877,-1.047503908,-0.864196415,-0.493886621,-0.919195184,0.23782765196146508,-1.069637307,-0.157958902,0
-1.451932543,0.1842005896793426,-0.805845946,0.5429499644318405,-0.916282276,0.15432755179287966,-0.365841446,0.9546503761693188,1.1571443517761548,0.12347165532453808,1.0879082239773117,0.23782765196146508,0.16267383158409712,-0.195413339,0
0.6887372317211945,-0.497962185,1.5561745768828867,0.5429499644318405,1.5289746786041762,-0.347964952,-0.303044046,0.9546503761693188,1.1571443517761548,13.293781556608597,1.0879082239773117,0.23782765196146508,-0.255846932,-0.145858238,1
0.6887372317211945,-0.61109314,0.37516431548735557,-1.783978455,-1.45967271,-0.347964952,0.9798171345595054,0.9546503761693188,-0.864196415,-0.493886621,1.0879082239773117,-3.111173978,-0.488358468,-0.195413339,1
0.6887372317211945,-0.695519226,1.3802794315686588,-1.783978455,0.44219380995943597,-0.347964952,-0.415182261,0.9546503761693188,-0.864196415,-0.493886621,1.0879082239773117,0.23782765196146508,-0.139591165,-0.137791129,1
0.6887372317211945,-0.075831755,-0.454055655,0.5429499644318405,1.5289746786041762,1.661205062223354,0.007952603852164964,-1.047503908,-0.864196415,-0.493886621,1.0879082239773117,-3.111173978,0.9067107453856226,-0.195413339,0
0.6887372317211945,0.47293780373324884,-0.15252112,0.5429499644318405,0.1704985927982509,0.15432755179287966,0.8302995144506837,0.9546503761693188,-0.864196415,-0.493886621,1.0879082239773117,-3.111173978,0.5579434420411575,-0.195413339,0
0.6887372317211945,-0.448995055,-0.647037758,0.5429499644318405,0.44219380995943597,-0.347964952,-0.627497282,-1.047503908,-0.864196415,-0.493886621,-0.919195184,0.23782765196146508,-0.488358468,-0.195413339,0
-1.451932543,-0.153503754,-0.822932903,0.5429499644318405,0.44219380995943597,-0.347964952,-0.590117877,-1.047503908,-0.864196415,-0.493886621,1.0879082239773117,0.23782765196146508,0.6741992098226459,-0.195413339,0
-1.451932543,-0.723379835,-0.587735966,0.5429499644318405,-0.644587059,-0.850257455,-0.664876687,-1.047503908,1.1571443517761548,-0.288100529,-0.919195184,0.23782765196146508,0.09292037091520411,-0.185233415,0
0.6887372317211945,-1.208829829,-0.353544144,0.5429499644318405,-0.916282276,-0.347964952,-0.652915277,-1.047503908,-0.864196415,-0.493886621,1.0879082239773117,0.23782765196146508,-0.139591165,-0.187730378,0
0.6887372317211945,-0.195716797,2.0165173000481236,0.5429499644318405,-0.372891842,-0.347964952,0.8422609240593895,0.9546503761693188,1.1571443517761548,0.535043839739665,1.0879082239773117,0.23782765196146508,-0.093088858,-0.195413339,1
-1.451932543,-0.252282275,-0.244991711,0.5429499644318405,-1.187977493,0.15432755179287966,-0.515359067,0.9546503761693188,-0.864196415,-0.493886621,1.0879082239773117,0.23782765196146508,-0.075650492,-0.195413339,0
0.6887372317211945,0.25427424104330215,-0.956613213,0.5429499644318405,0.1704985927982509,-0.347964952,-0.664876687,-1.047503908,-0.864196415,-0.493886621,-0.919195184,3.586829281622914,-8.42E-05,-0.195413339,0
0.6887372317211945,-0.687920879,-0.839014745,0.5429499644318405,0.1704985927982509,1.661205062223354,-0.639458691,0.9546503761693188,-0.864196415,-0.493886621,-0.919195184,0.23782765196146508,-0.023335397,-0.195413339,0
0.6887372317211945,-0.554527663,1.304895797862561,0.5429499644318405,0.1704985927982509,-0.347964952,0.08271141390657576,0.9546503761693188,1.1571443517761548,3.004476946230426,-0.919195184,0.23782765196146508,0.09292037091520411,0.03661209465986032,1
-1.451932543,-1.0821907,0.5510594608015836,0.5429499644318405,0.9855842442818061,-0.347964952,0.14550881435228083,0.9546503761693188,1.1571443517761548,0.535043839739665,-0.919195184,0.23782765196146508,-8.42E-05,4.937957307365662,1
0.6887372317211945,-1.223182264,-0.906357458,0.5429499644318405,0.9855842442818061,-0.347964952,-0.564699881,-1.047503908,1.1571443517761548,0.3292577475321015,-0.919195184,0.23782765196146508,-0.139591165,-0.193876747,0
-1.451932543,-1.30760835,-0.889270501,0.5429499644318405,-1.731367927,-1.854842462,-0.664876687,-1.047503908,1.1571443517761548,-0.288100529,-0.919195184,0.23782765196146508,-0.139591165,-0.171212011,0
0.6887372317211945,0.11412693831538309,-0.454055655,0.5429499644318405,-0.372891842,-0.347964952,-0.141565016,-1.047503908,1.1571443517761548,-0.082314437,1.0879082239773117,0.23782765196146508,3.115570333233901,-0.195413339,0
-1.451932543,-0.948797484,1.0536170188422351,0.5429499644318405,0.1704985927982509,1.661205062223354,-0.365841446,0.9546503761693188,1.1571443517761548,0.3292577475321015,-0.919195184,0.23782765196146508,-0.778997887,0.08597512152973222,1
-1.451932543,-0.828912442,-0.604822923,-1.783978455,-0.644587059,-0.850257455,-0.664876687,-1.047503908,-0.864196415,-0.493886621,-0.919195184,0.23782765196146508,-0.139591165,-0.195413339,0
0.6887372317211945,0.13523345981055165,-0.747549269,0.5429499644318405,1.2572794614429912,1.661205062223354,1.2788523747771483,0.9546503761693188,-0.864196415,-0.493886621,1.0879082239773117,0.23782765196146508,-0.116340011,5.813622830710977,1
-1.451932543,-0.526667054,-0.53748021,0.5429499644318405,0.1704985927982509,1.661205062223354,0.15747022396098656,0.9546503761693188,-0.864196415,-0.493886621,1.0879082239773117,0.23782765196146508,1.022966513167111,-0.195221265,0
-1.451932543,-0.575634184,-0.353544144,0.5429499644318405,0.9855842442818061,1.661205062223354,-0.116147021,0.9546503761693188,1.1571443517761548,3.416049130645553,-0.919195184,0.23782765196146508,-1.069637307,-0.099376322,1
0.6887372317211945,-0.062323581,-0.956613213,0.5429499644318405,0.44219380995943597,-0.347964952,-0.291082636,0.9546503761693188,1.1571443517761548,-0.288100529,-0.919195184,0.23782765196146508,0.10454594769335294,-0.195413339,1
0.6887372317211945,-0.913338528,0.06558885973431415,-1.783978455,-0.644587059,-0.347964952,-0.578156467,-1.047503908,-0.864196415,-0.493886621,-0.919195184,0.23782765196146508,-0.255846932,-0.160071717,0
-1.451932543,0.7397242354321794,0.6766988503117465,-1.783978455,-0.916282276,-0.347964952,-0.615535872,-1.047503908,1.1571443517761548,-0.082314437,-0.919195184,0.23782765196146508,-8.42E-05,-0.191956006,0
0.6887372317211945,-0.181364363,-0.705334434,0.5429499644318405,0.1704985927982509,1.661205062223354,-0.590117877,-1.047503908,1.1571443517761548,-0.082314437,1.0879082239773117,0.23782765196146508,1.2554780487300876,-0.174669343,0
0.6887372317211945,0.7895356261607774,-0.856101702,-1.783978455,-0.101196624,-0.347964952,-0.515359067,-1.047503908,-0.864196415,-0.493886621,1.0879082239773117,0.23782765196146508,-0.313974816,-0.195413339,0
-1.451932543,-0.174610276,-0.864142623,0.5429499644318405,-0.916282276,-0.347964952,-0.503397657,0.9546503761693188,1.1571443517761548,0.3292577475321015,-0.919195184,0.23782765196146508,1.1392222809485992,-0.099376322,1
0.6887372317211945,1.9292877868998803,-0.856101702,-1.783978455,-0.916282276,1.661205062223354,0.5193028646243348,0.9546503761693188,-0.864196415,-0.493886621,-0.919195184,0.23782765196146508,-0.023335397,-0.135102092,1
0.6887372317211945,0.2053071111745112,0.14901341436906232,-1.783978455,0.1704985927982509,-0.347964952,-0.216323826,-1.047503908,-0.864196415,-0.493886621,1.0879082239773117,0.23782765196146508,-0.720870004,-0.195413339,0
0.6887372317211945,-0.554527663,1.4556630652747564,0.5429499644318405,-0.916282276,-0.347964952,0.007952603852164964,0.9546503761693188,1.1571443517761548,-0.082314437,1.0879082239773117,0.23782765196146508,-0.3721027,-0.194452969,0
-1.451932543,-0.421134447,-0.446014734,-1.783978455,-1.731367927,-1.854842462,-0.664876687,-1.047503908,-0.864196415,-0.493886621,1.0879082239773117,0.23782765196146508,-0.023335397,-0.183888897,0
-1.451932543,0.1276351120722907,-0.026881731,0.5429499644318405,0.9855842442818061,1.661205062223354,-0.178944421,0.9546503761693188,1.1571443517761548,-0.082314437,-0.919195184,0.23782765196146508,-1.069637307,-0.195413339,1
0.6887372317211945,0.1774465028008888,-0.521398368,0.5429499644318405,0.1704985927982509,-0.347964952,-0.216323826,-1.047503908,-0.864196415,-0.493886621,-0.919195184,3.586829281622914,-0.3721027,-0.195413339,0
0.6887372317211945,0.38851171775257454,0.14901341436906232,0.5429499644318405,-1.187977493,0.15432755179287966,0.8302995144506837,-1.047503908,-0.864196415,-0.493886621,-0.919195184,0.23782765196146508,0.15104825480594827,-0.063458477,0
0.6887372317211945,-1.018871136,-0.898316537,0.5429499644318405,-0.916282276,-0.347964952,-0.578156467,-1.047503908,-0.864196415,-0.493886621,-0.919195184,0.23782765196146508,0.5579434420411575,-0.12549839,0
0.6887372317211945,-0.624601314,-0.780718068,0.5429499644318405,0.9855842442818061,-0.347964952,0.7181612993690676,0.9546503761693188,1.1571443517761548,-0.082314437,1.0879082239773117,0.23782765196146508,1.953012655419018,0.18873472999425153,1
-1.451932543,-0.09018419,0.350036437585323,0.5429499644318405,0.1704985927982509,0.15432755179287966,0.5312642742330406,0.9546503761693188,1.1571443517761548,0.9466160241547917,1.0879082239773117,0.23782765196146508,-1.069637307,0.39329357675072457,1
0.6887372317211945,-0.976658093,0.4505479491934533,0.5429499644318405,0.1704985927982509,-0.347964952,-0.515359067,-1.047503908,-0.864196415,-0.493886621,-0.919195184,0.23782765196146508,-1.069637307,-0.195413339,0
0.6887372317211945,-0.526667054,-0.84001986,0.5429499644318405,0.1704985927982509,-0.347964952,-0.578156467,0.9546503761693188,1.1571443517761548,0.9466160241547917,1.0879082239773117,0.23782765196146508,-0.511609622,0.7887740138132392,1
0.6887372317211945,-0.167856189,-0.001753853,0.5429499644318405,-0.101196624,-0.347964952,-0.066806206,-1.047503908,1.1571443517761548,-0.288100529,1.0879082239773117,0.23782765196146508,1.6042453520745528,-0.182352305,0
0.6887372317211945,0.9794943196172946,-0.504311411,0.5429499644318405,-1.187977493,0.15432755179287966,-0.440600256,0.9546503761693188,-0.864196415,-0.493886621,-0.919195184,0.23782765196146508,2.1855241909819947,-0.195413339,0
0.6887372317211945,-0.23792984,-0.722421391,0.5429499644318405,-0.916282276,-0.347964952,-0.515359067,0.9546503761693188,-0.864196415,-0.493886621,-0.919195184,-3.111173978,0.5579434420411575,-0.195413339,0
0.6887372317211945,0.00015172224147267545,-0.353544144,-1.783978455,-1.187977493,0.15432755179287966,1.42836999488597,-1.047503908,-0.864196415,-0.493886621,-0.919195184,0.23782765196146508,-1.069637307,-0.195221265,0
0.6887372317211945,-0.955551571,1.045576097913585,0.5429499644318405,0.7138890271206211,-1.352549959,-0.664876687,0.9546503761693188,-0.864196415,-0.493886621,-0.919195184,0.23782765196146508,-1.069637307,-0.195413339,1
0.6887372317211945,1.1339940569619285,0.7520824840178443,0.5429499644318405,1.5289746786041762,1.661205062223354,3.5216166764094723,0.9546503761693188,1.1571443517761548,-0.288100529,1.0879082239773117,0.23782765196146508,-0.558111929,0.18873472999425153,1
-1.451932543,-0.737732269,-0.49627049,0.5429499644318405,0.9855842442818061,1.661205062223354,0.019914013460870704,0.9546503761693188,1.1571443517761548,0.9466160241547917,1.0879082239773117,0.23782765196146508,-0.255846932,0.2624911592472897,1
-1.451932543,-0.920092615,-0.353544144,0.5429499644318405,0.9855842442818061,-0.347964952,-0.615535872,0.9546503761693188,1.1571443517761548,0.12347165532453808,-0.919195184,0.23782765196146508,-0.488358468,-0.194260895,1
0.6887372317211945,-0.315601839,-0.655078678,0.5429499644318405,0.44219380995943597,-0.347964952,0.007952603852164964,-1.047503908,1.1571443517761548,-0.288100529,1.0879082239773117,0.23782765196146508,-0.488358468,-0.194837117,0
0.6887372317211945,0.7895356261607774,-0.504311411,-1.783978455,1.8006698957653613,1.661205062223354,2.3254757155388996,0.9546503761693188,-0.864196415,-0.493886621,1.0879082239773117,0.23782765196146508,-0.04658655,-0.195413339,0
0.6887372317211945,2.098139958861229,4.672031436734927,-1.783978455,0.1704985927982509,-0.347964952,7.857627659565298,0.9546503761693188,1.1571443517761548,7.737557067004386,-0.919195184,0.23782765196146508,-1.069637307,-0.192532229,1
-1.451932543,2.7448437774731937,-0.923444414,0.5429499644318405,-1.731367927,-1.854842462,-0.664876687,0.9546503761693188,1.1571443517761548,-0.288100529,-0.919195184,0.23782765196146508,0.2789295993655855,-0.176205936,1
-1.451932543,-0.772346964,1.304895797862561,-1.783978455,1.8006698957653613,1.661205062223354,-0.440600256,0.9546503761693188,1.1571443517761548,0.3292577475321015,-0.919195184,0.23782765196146508,-1.069637307,-0.133757574,1
-1.451932543,-0.61109314,-0.454055655,-1.783978455,-1.187977493,0.15432755179287966,0.6807818943418621,-1.047503908,-0.864196415,-0.493886621,-0.919195184,0.23782765196146508,0.09292037091520411,-0.107827579,0
-1.451932543,3.2024331634884486,0.24952492597719264,0.5429499644318405,-1.731367927,-1.854842462,-0.664876687,-1.047503908,-0.864196415,-0.493886621,-0.919195184,-3.111173978,-1.069637307,-0.195413339,0
0.6887372317211945,0.3387003270239764,-0.805845946,0.5429499644318405,-0.916282276,-0.347964952,-0.216323826,-1.047503908,-0.864196415,-0.493886621,1.0879082239773117,0.23782765196146508,0.2731168109765111,-0.195413339,0
0.6887372317211945,1.4151329232775738,1.4556630652747564,0.5429499644318405,-0.101196624,-0.347964952,4.119687156844758,0.9546503761693188,-0.864196415,-0.493886621,-0.919195184,-3.111173978,-0.430230584,-0.195413339,1
-1.451932543,-0.294495318,2.0587321349235386,-1.783978455,0.7138890271206211,2.1634975657001787,-0.664876687,0.9546503761693188,-0.864196415,-0.493886621,-0.919195184,0.23782765196146508,-1.069637307,2.3422688049553555,1
0.6887372317211945,0.30408563177190023,-0.454055655,0.5429499644318405,-0.916282276,-0.347964952,0.6807818943418621,0.9546503761693188,1.1571443517761548,0.9466160241547917,-0.919195184,0.23782765196146508,-0.197719049,0.04852068479967377,1
0.6887372317211945,1.5139114438749628,0.5681464177749658,0.5429499644318405,-1.187977493,0.15432755179287966,1.6033056104132914,0.9546503761693188,1.1571443517761548,2.592904761815299,1.0879082239773117,0.23782765196146508,-1.069637307,0.7649568335336122,1
0.6887372317211945,4.110013587780697,0.14901341436906232,0.5429499644318405,0.1704985927982509,-0.347964952,-0.503397657,0.9546503761693188,-0.864196415,-0.493886621,-0.919195184,0.23782765196146508,-1.069637307,-0.130108167,0
0.6887372317211945,-0.195716797,1.6566860884910173,0.5429499644318405,-1.45967271,1.661205062223354,-0.515359067,-1.047503908,-0.864196415,-0.493886621,-0.919195184,0.23782765196146508,0.2556784458092878,-0.195413339,0
-1.451932543,-1.236690437,-0.856101702,0.5429499644318405,-1.187977493,-0.347964952,-0.615535872,-1.047503908,1.1571443517761548,0.7408299319472283,1.0879082239773117,0.23782765196146508,0.3254319064781808,-0.188690748,0
-1.451932543,-1.314362436,-0.923444414,0.5429499644318405,-0.372891842,-0.347964952,-0.365841446,-1.047503908,1.1571443517761548,-0.082314437,1.0879082239773117,0.23782765196146508,0.7904549776041343,-0.195221265,0
0.6887372317211945,2.4071394335504968,1.9582206233154082,0.5429499644318405,-1.731367927,-1.854842462,4.717757637280045,0.9546503761693188,1.1571443517761548,2.592904761815299,1.0879082239773117,0.23782765196146508,-1.069637307,-0.003339305,1
0.6887372317211945,-0.301249405,-0.554567167,0.5429499644318405,-0.916282276,1.661205062223354,0.5806050888689517,0.9546503761693188,1.1571443517761548,-0.082314437,1.0879082239773117,0.23782765196146508,-0.017522608,-0.195413339,1
0.6887372317211945,0.8385027560295684,-0.647037758,0.5429499644318405,-1.187977493,0.15432755179287966,0.38174665412421893,-1.047503908,-0.864196415,-0.493886621,-0.919195184,0.23782765196146508,0.1859249851403948,-0.195413339,1
0.6887372317211945,-0.632199662,0.8525939956259746,0.5429499644318405,-0.372891842,-0.347964952,-0.590117877,-1.047503908,-0.864196415,-0.493886621,1.0879082239773117,0.23782765196146508,-1.069637307,-0.195413339,0
0.6887372317211945,-0.596740706,1.7240288012684648,-1.783978455,-0.372891842,-0.347964952,-0.652915277,-1.047503908,-0.864196415,-0.493886621,1.0879082239773117,0.23782765196146508,-0.3721027,-0.104178173,0
0.6887372317211945,0.2686266756600169,2.0587321349235386,0.5429499644318405,1.2572794614429912,1.1589125587465292,0.9424377295323,0.9546503761693188,1.1571443517761548,1.3581882085699186,1.0879082239773117,0.23782765196146508,-1.069637307,-0.169675418,1
0.6887372317211945,0.1774465028008888,-0.705334434,0.5429499644318405,0.44219380995943597,-0.347964952,-0.316500632,-1.047503908,-0.864196415,-0.493886621,-0.919195184,0.23782765196146508,-0.3721027,-0.195413339,0
-1.451932543,0.7819372784225165,1.0536170188422351,0.5429499644318405,0.9855842442818061,1.661205062223354,-0.141565016,0.9546503761693188,-0.864196415,-0.493886621,-0.919195184,0.23782765196146508,-0.901066444,-0.034647372,1
0.6887372317211945,-0.941199136,-0.587735966,0.5429499644318405,0.1704985927982509,-0.347964952,0.007952603852164964,0.9546503761693188,1.1571443517761548,-0.288100529,-0.919195184,0.23782765196146508,-0.488358468,-0.166602234,1
0.6887372317211945,0.5007984121068713,-0.730462312,-1.783978455,-1.45967271,-0.347964952,-0.216323826,-1.047503908,-0.864196415,-0.493886621,1.0879082239773117,0.23782765196146508,1.4356744887913946,-0.195413339,1
0.6887372317211945,1.4294853578942885,-0.102265365,0.5429499644318405,-0.101196624,-0.347964952,-0.627497282,0.9546503761693188,-0.864196415,-0.493886621,1.0879082239773117,0.23782765196146508,0.23824008064206456,-0.195413339,1
0.6887372317211945,-0.723379835,-0.805845946,0.5429499644318405,-0.101196624,-0.347964952,-0.515359067,-1.047503908,-0.864196415,-0.493886621,1.0879082239773117,-3.111173978,0.7904549776041343,-0.195413339,0
0.6887372317211945,0.2897331971551855,-0.27816051,0.5429499644318405,0.1704985927982509,1.661205062223354,1.8141254547667294,-1.047503908,-0.864196415,-0.493886621,1.0879082239773117,0.23782765196146508,-1.069637307,-0.195413339,0
0.6887372317211945,-1.286501828,-0.403799899,0.5429499644318405,-0.372891842,-0.347964952,-0.466018252,-1.047503908,1.1571443517761548,-0.288100529,-0.919195184,0.23782765196146508,-0.604614236,-0.191379784,0
0.6887372317211945,-0.751240443,1.1541285304503655,0.5429499644318405,0.9855842442818061,1.661205062223354,-0.265664641,0.9546503761693188,-0.864196415,-0.493886621,-0.919195184,0.23782765196146508,-0.488358468,-0.195413339,1
-1.451932543,-0.828912442,1.4054073094706914,0.5429499644318405,0.1704985927982509,-0.347964952,-0.590117877,-1.047503908,-0.864196415,-0.493886621,1.0879082239773117,0.23782765196146508,-0.023335397,-0.195413339,0
-1.451932543,-0.547773576,-0.446014734,-1.783978455,-0.372891842,-0.347964952,-0.590117877,0.9546503761693188,-0.864196415,-0.493886621,1.0879082239773117,0.23782765196146508,1.081094397057855,-0.195413339,1
0.6887372317211945,0.40201989150948214,-0.529439289,-1.783978455,0.44219380995943597,-0.347964952,-0.639458691,0.9546503761693188,1.1571443517761548,-0.288100529,-0.919195184,0.23782765196146508,-0.778997887,0.03257853993508479,1
-1.451932543,-0.252282275,-0.202776876,0.5429499644318405,0.1704985927982509,-0.347964952,-0.590117877,-1.047503908,1.1571443517761548,-0.288100529,1.0879082239773117,0.23782765196146508,-0.837125771,-0.165833938,0
0.6887372317211945,-0.793453486,1.4807909431767892,0.5429499644318405,0.1704985927982509,-0.347964952,0.3324058394883078,-1.047503908,1.1571443517761548,-0.082314437,1.0879082239773117,0.23782765196146508,-0.023335397,-0.162184531,0
0.6887372317211945,0.21965954579122596,-0.647037758,0.5429499644318405,1.5289746786041762,-0.347964952,-0.204362417,0.9546503761693188,1.1571443517761548,-0.288100529,1.0879082239773117,0.23782765196146508,1.953012655419018,9.408288386624022,1
0.6887372317211945,0.2897331971551855,-0.454055655,0.5429499644318405,-1.187977493,-0.347964952,-0.365841446,-1.047503908,-0.864196415,-0.493886621,1.0879082239773117,0.23782765196146508,0.15104825480594827,-0.195413339,0
0.6887372317211945,-0.252282275,-0.227904754,0.5429499644318405,-0.372891842,-0.347964952,-0.590117877,-1.047503908,-0.864196415,-0.493886621,1.0879082239773117,0.23782765196146508,-0.488358468,-0.195413339,0
-1.451932543,-1.046731744,0.13192645739568018,0.5429499644318405,-1.187977493,1.661205062223354,-0.578156467,-1.047503908,-0.864196415,-0.493886621,-0.919195184,0.23782765196146508,-0.604614236,-0.102449506,0
0.6887372317211945,-0.702273313,-0.75559019,0.5429499644318405,0.1704985927982509,-0.347964952,-0.415182261,0.9546503761693188,-0.864196415,-0.493886621,-0.919195184,-3.111173978,0.6741992098226459,-0.195413339,1
0.6887372317211945,-1.272149393,-0.931485335,0.5429499644318405,0.1704985927982509,-0.347964952,-0.615535872,-1.047503908,-0.864196415,-0.493886621,-0.919195184,0.23782765196146508,-0.30234924,-0.195413339,0
-1.451932543,-0.969904006,-0.931485335,0.5429499644318405,0.9855842442818061,-0.347964952,-0.365841446,-1.047503908,1.1571443517761548,-0.288100529,-0.919195184,0.23782765196146508,0.3254319064781808,-0.047900481,1
0.6887372317211945,-0.779945312,1.2546400420584958,0.5429499644318405,0.44219380995943597,-0.347964952,-0.066806206,0.9546503761693188,1.1571443517761548,-0.288100529,-0.919195184,0.23782765196146508,-0.604614236,-0.142016757,1
0.6887372317211945,0.2053071111745112,0.06558885973431415,-1.783978455,-1.187977493,0.15432755179287966,-0.340423451,-1.047503908,-0.864196415,-0.493886621,1.0879082239773117,0.23782765196146508,1.7205011198560412,-0.195413339,0
-1.451932543,2.1538611756084736,-0.889270501,0.5429499644318405,-1.187977493,0.15432755179287966,-0.365841446,0.9546503761693188,-0.864196415,-0.493886621,1.0879082239773117,0.23782765196146508,0.39518536714707386,0.22657331479333623,0
0.6887372317211945,-1.293255915,-0.788758989,0.5429499644318405,-0.101196624,-0.347964952,-0.639458691,0.9546503761693188,-0.864196415,-0.493886621,-0.919195184,-3.111173978,0.09292037091520411,-0.195413339,0
0.6887372317211945,0.10652859057712212,-0.454055655,0.5429499644318405,1.5289746786041762,1.661205062223354,0.15747022396098656,0.9546503761693188,1.1571443517761548,0.7408299319472283,-0.919195184,0.23782765196146508,-0.139591165,0.2025640604791962,1
0.6887372317211945,1.4083788363991199,4.086049324059528,0.5429499644318405,0.44219380995943597,-0.347964952,-0.141565016,0.9546503761693188,1.1571443517761548,0.12347165532453808,-0.919195184,0.23782765196146508,-0.3721027,-0.192724303,1
0.6887372317211945,0.21965954579122596,-0.403799899,0.5429499644318405,-1.187977493,0.15432755179287966,0.08271141390657576,-1.047503908,-0.864196415,-0.493886621,1.0879082239773117,0.23782765196146508,0.2789295993655855,-0.156998532,0
0.6887372317211945,-1.117649656,-0.713375355,-1.783978455,0.7138890271206211,-1.352549959,-0.664876687,-1.047503908,-0.864196415,-0.493886621,-0.919195184,0.23782765196146508,-0.488358468,-0.195413339,0
0.6887372317211945,1.0706744924764227,-0.856101702,0.5429499644318405,-0.101196624,-0.347964952,2.549752145702132,0.9546503761693188,-0.864196415,-0.493886621,-0.919195184,-3.111173978,1.2554780487300876,-0.195413339,0
0.6887372317211945,0.6206834541994288,-0.604822923,0.5429499644318405,-0.916282276,-0.347964952,-0.515359067,-1.047503908,-0.864196415,-0.493886621,1.0879082239773117,0.23782765196146508,0.6741992098226459,-0.195029191,0
0.6887372317211945,0.0009959831012792504,-0.805845946,-1.783978455,-0.372891842,-0.347964952,0.38174665412421893,-1.047503908,-0.864196415,-0.493886621,1.0879082239773117,0.23782765196146508,0.7904549776041343,-0.195413339,0
0.6887372317211945,-0.547773576,-0.612863844,0.5429499644318405,1.8006698957653613,-0.347964952,-0.166983012,0.9546503761693188,1.1571443517761548,-0.288100529,1.0879082239773117,0.23782765196146508,1.2264141067847156,-0.191571858,1
0.6887372317211945,2.8579747326872975,1.2546400420584958,0.5429499644318405,0.7138890271206211,2.1634975657001787,5.3158281177153315,0.9546503761693188,1.1571443517761548,0.9466160241547917,1.0879082239773117,0.23782765196146508,-0.941755962,-0.195413339,1
0.6887372317211945,0.8241503214128536,-0.956613213,0.5429499644318405,0.1704985927982509,0.15432755179287966,3.8206519166271153,0.9546503761693188,-0.864196415,-0.493886621,-0.919195184,0.23782765196146508,-1.069637307,-0.195413339,1
0.6887372317211945,-0.026864625,-0.730462312,0.5429499644318405,-1.731367927,-1.854842462,-0.664876687,-1.047503908,1.1571443517761548,-0.288100529,-0.919195184,0.23782765196146508,-0.511609622,-0.191763932,0
-1.451932543,0.4374788476213655,-0.009794774,0.5429499644318405,-1.731367927,-1.854842462,-0.664876687,-1.047503908,-0.864196415,-0.493886621,-0.919195184,0.23782765196146508,-0.139591165,-0.195413339,0
0.6887372317211945,0.06431554758678497,0.5510594608015836,0.5429499644318405,0.7138890271206211,0.15432755179287966,-0.190905831,0.9546503761693188,-0.864196415,-0.493886621,1.0879082239773117,-3.111173978,1.371733816511576,-0.195413339,0
-1.451932543,0.0297008523347088,-0.328416266,0.5429499644318405,-1.731367927,-1.854842462,0.2441904436241031,-1.047503908,1.1571443517761548,-0.082314437,1.0879082239773117,0.23782765196146508,0.09292037091520411,-0.194645043,0
0.6887372317211945,-0.568880097,-0.403799899,0.5429499644318405,0.1704985927982509,-0.347964952,0.007952603852164964,0.9546503761693188,1.1571443517761548,0.7408299319472283,-0.919195184,0.23782765196146508,-8.42E-05,-0.080168918,1
0.6887372317211945,-0.814560007,-0.848060781,-1.783978455,1.8006698957653613,-0.347964952,-0.652915277,0.9546503761693188,1.1571443517761548,-0.288100529,1.0879082239773117,0.23782765196146508,3.813104939922831,-0.184080971,1
0.6887372317211945,0.22641363266967976,-0.353544144,0.5429499644318405,1.5289746786041762,1.661205062223354,1.5524696195762921,0.9546503761693188,-0.864196415,-0.493886621,1.0879082239773117,0.23782765196146508,-1.069637307,-0.195413339,1
0.6887372317211945,1.7106242242099337,-0.353544144,-1.783978455,-1.731367927,-1.854842462,-0.216323826,-1.047503908,-0.864196415,-0.493886621,-0.919195184,0.23782765196146508,-0.023335397,-0.194645043,0
-1.451932543,0.00015172224147267545,-0.655078678,0.5429499644318405,-1.731367927,-1.854842462,-0.664876687,-1.047503908,1.1571443517761548,-0.082314437,1.0879082239773117,0.23782765196146508,0.09292037091520411,-0.175245565,0
0.6887372317211945,0.5784704112090917,-0.814891982,0.5429499644318405,0.1704985927982509,-0.347964952,-0.552738472,-1.047503908,1.1571443517761548,-0.082314437,-0.919195184,0.23782765196146508,0.23824008064206456,-0.099376322,0
0.6887372317211945,0.6417899756945974,-0.612863844,0.5429499644318405,1.8006698957653613,-0.347964952,-0.627497282,0.9546503761693188,1.1571443517761548,0.535043839739665,1.0879082239773117,0.23782765196146508,1.7205011198560412,-0.195413339,1
0.6887372317211945,-1.13115783,-0.462096576,0.5429499644318405,0.1704985927982509,1.1589125587465292,-0.377802856,-1.047503908,1.1571443517761548,-0.082314437,1.0879082239773117,0.23782765196146508,-0.139591165,-0.082665881,0
0.6887372317211945,0.6274375410778826,0.048501902760932,0.5429499644318405,1.5289746786041762,-0.347964952,0.38174665412421893,0.9546503761693188,1.1571443517761548,1.563974300777482,1.0879082239773117,0.23782765196146508,-1.069637307,-0.195413339,1
0.6887372317211945,-0.976658093,1.2636860781032275,0.5429499644318405,0.1704985927982509,-0.347964952,-0.066806206,-1.047503908,-0.864196415,-0.493886621,1.0879082239773117,0.23782765196146508,-0.279098086,-0.195413339,0
0.6887372317211945,0.09977450369866832,-0.487224454,0.5429499644318405,-1.45967271,1.661205062223354,1.0545759446139162,-1.047503908,-0.864196415,-0.493886621,1.0879082239773117,0.23782765196146508,0.6276969027100505,-0.195413339,0
0.6887372317211945,-1.096543135,0.19122824924447704,0.5429499644318405,-1.45967271,-0.347964952,-0.503397657,-1.047503908,-0.864196415,-0.493886621,-0.919195184,0.23782765196146508,-0.3721027,-0.195413339,0
-1.451932543,-1.328714871,0.5761873387036162,0.5429499644318405,0.9855842442818061,-0.347964952,-0.627497282,-1.047503908,1.1571443517761548,-0.288100529,1.0879082239773117,0.23782765196146508,-1.069637307,-0.164681494,0
0.6887372317211945,0.655298149451505,0.22439704807516006,0.5429499644318405,1.5289746786041762,1.661205062223354,2.3254757155388996,0.9546503761693188,1.1571443517761548,2.387118669607736,1.0879082239773117,0.23782765196146508,1.2496652603410132,-0.195413339,1
-1.451932543,-1.012117049,-0.822932903,0.5429499644318405,0.44219380995943597,-0.347964952,-0.166983012,-1.047503908,-0.864196415,-0.493886621,-0.919195184,0.23782765196146508,0.20917613869669247,-0.194452969,0
0.6887372317211945,-0.864371398,1.1541285304503655,0.5429499644318405,0.1704985927982509,-0.347964952,0.23222903401539735,0.9546503761693188,-0.864196415,-0.493886621,1.0879082239773117,0.23782765196146508,-1.069637307,-0.195413339,1
-1.451932543,-0.751240443,-0.805845946,0.5429499644318405,0.1704985927982509,-0.347964952,-0.066806206,-1.047503908,1.1571443517761548,-0.082314437,1.0879082239773117,0.23782765196146508,0.09292037091520411,-0.119736169,0
0.6887372317211945,-0.497962185,-0.303288388,0.5429499644318405,0.1704985927982509,1.661205062223354,0.019914013460870704,-1.047503908,1.1571443517761548,-0.288100529,1.0879082239773117,0.23782765196146508,1.3484826629552784,-0.191379784,0
0.6887372317211945,-0.88547792,1.0707039758156176,-1.783978455,0.7138890271206211,1.661205062223354,-0.291082636,-1.047503908,-0.864196415,-0.493886621,-0.919195184,0.23782765196146508,0.4416876742596692,-0.195413339,0
-1.451932543,1.4716984008846257,-0.655078678,0.5429499644318405,-0.644587059,-0.850257455,-0.664876687,0.9546503761693188,-0.864196415,-0.493886621,1.0879082239773117,0.23782765196146508,-0.488358468,-0.19022734,0
0.6887372317211945,-0.920092615,0.10679857949364759,0.5429499644318405,0.9855842442818061,-0.347964952,-0.552738472,0.9546503761693188,1.1571443517761548,-0.288100529,-0.919195184,0.23782765196146508,-0.139591165,-0.195413339,0
-1.451932543,-1.004518701,-0.914398378,0.5429499644318405,0.9855842442818061,1.661205062223354,-0.578156467,0.9546503761693188,1.1571443517761548,1.7697603929850454,-0.919195184,0.23782765196146508,-0.604614236,-0.17639801,1
0.6887372317211945,-0.822158355,-0.906357458,0.5429499644318405,-1.45967271,1.661205062223354,-0.466018252,0.9546503761693188,-0.864196415,-0.493886621,1.0879082239773117,0.23782765196146508,-1.069637307,-0.195413339,1
0.6887372317211945,-0.400027925,-0.848060781,0.5429499644318405,-0.916282276,-1.854842462,-0.664876687,-1.047503908,-0.864196415,-0.493886621,-0.919195184,0.23782765196146508,-0.488358468,-0.195413339,0
-1.451932543,0.5919785849659993,0.048501902760932,0.5429499644318405,1.5289746786041762,-0.347964952,3.3720990563006508,0.9546503761693188,-0.864196415,-0.493886621,1.0879082239773117,0.23782765196146508,4.626895314393249,-0.195413339,0
-1.451932543,1.5628785737437536,1.564215497811537,0.5429499644318405,-0.372891842,-0.347964952,0.019914013460870704,0.9546503761693188,1.1571443517761548,0.12347165532453808,1.0879082239773117,0.23782765196146508,-0.162842318,-0.195413339,1
-1.451932543,-1.335468958,-0.88122958,0.5429499644318405,0.1704985927982509,-0.347964952,-0.365841446,-1.047503908,-0.864196415,-0.493886621,-0.919195184,0.23782765196146508,-0.3721027,-0.191956006,0
-1.451932543,-0.596740706,1.606430332686952,0.5429499644318405,0.1704985927982509,0.15432755179287966,0.755540704396273,0.9546503761693188,1.1571443517761548,-0.082314437,-0.919195184,0.23782765196146508,-0.645303754,-0.110132468,1
0.6887372317211945,-0.892232007,0.0062870678855172675,-1.783978455,0.44219380995943597,-0.347964952,0.007952603852164964,0.9546503761693188,1.1571443517761548,-0.288100529,1.0879082239773117,0.23782765196146508,-0.604614236,-0.137791129,1
0.6887372317211945,-0.801051834,1.2546400420584958,0.5429499644318405,1.5289746786041762,-0.347964952,-0.466018252,0.9546503761693188,-0.864196415,-0.493886621,-0.919195184,0.23782765196146508,-0.488358468,-0.195413339,1
0.6887372317211945,1.942795960656788,0.9360185502607226,0.5429499644318405,-1.731367927,-1.854842462,3.645716301099794,0.9546503761693188,1.1571443517761548,1.7697603929850454,1.0879082239773117,0.23782765196146508,-0.895253655,-0.137791129,1
0.6887372317211945,-1.138756178,0.14901341436906232,0.5429499644318405,-0.916282276,-0.347964952,-0.515359067,0.9546503761693188,-0.864196415,-0.493886621,-0.919195184,0.23782765196146508,-0.604614236,-0.195413339,1
0.6887372317211945,0.4307247607429117,-0.069096566,-1.783978455,-0.916282276,-0.347964952,-0.590117877,0.9546503761693188,1.1571443517761548,1.563974300777482,1.0879082239773117,0.23782765196146508,0.7904549776041343,-0.195413339,1
0.6887372317211945,0.5573638897139231,1.0787448967442679,0.5429499644318405,1.8006698957653613,-0.347964952,0.08271141390657576,0.9546503761693188,1.1571443517761548,0.7408299319472283,-0.919195184,0.23782765196146508,1.953012655419018,-0.157766828,1
0.6887372317211945,-0.822158355,-0.647037758,0.5429499644318405,-0.916282276,-0.347964952,-0.639458691,-1.047503908,-0.864196415,-0.493886621,1.0879082239773117,0.23782765196146508,0.9997153596108133,-0.195413339,0
-1.451932543,1.7182225719481947,0.350036437585323,0.5429499644318405,-1.187977493,0.15432755179287966,0.257647029433897,-1.047503908,-0.864196415,-0.493886621,1.0879082239773117,0.23782765196146508,-0.645303754,-0.195413339,0
0.6887372317211945,-0.793453486,-0.504311411,0.5429499644318405,-1.187977493,-0.347964952,-0.627497282,-1.047503908,-0.864196415,-0.493886621,-0.919195184,0.23782765196146508,-0.139591165,-0.193492599,0
0.6887372317211945,1.7604356149385318,-0.655078678,0.5429499644318405,-1.45967271,-0.347964952,0.45650546417862975,-1.047503908,-0.864196415,-0.493886621,1.0879082239773117,0.23782765196146508,-1.069637307,-0.128187427,0
-1.451932543,2.478057345774263,0.048501902760932,0.5429499644318405,-0.372891842,-0.347964952,0.5312642742330406,0.9546503761693188,1.1571443517761548,0.3292577475321015,-0.919195184,0.23782765196146508,-1.069637307,-0.17639801,1
0.6887372317211945,-0.962305658,0.1741412922710949,0.5429499644318405,0.44219380995943597,-0.347964952,-0.153526426,0.9546503761693188,-0.864196415,-0.493886621,-0.919195184,-3.111173978,-0.3721027,-0.195413339,1
0.6887372317211945,-0.702273313,-0.15252112,0.5429499644318405,0.1704985927982509,0.15432755179287966,-0.590117877,0.9546503761693188,-0.864196415,-0.493886621,1.0879082239773117,0.23782765196146508,-0.139591165,-0.195413339,1
0.6887372317211945,0.38851171775257454,-0.872183544,-1.783978455,0.44219380995943597,-0.347964952,-0.578156467,-1.047503908,-0.864196415,-0.493886621,1.0879082239773117,0.23782765196146508,0.7265143053243156,-0.195029191,0
-1.451932543,0.9018223205150742,-0.604822923,-1.783978455,0.1704985927982509,-0.347964952,-0.664876687,-1.047503908,-0.864196415,-0.493886621,1.0879082239773117,0.23782765196146508,-0.197719049,-0.195221265,0
0.6887372317211945,-0.674412705,-0.788758989,0.5429499644318405,-1.187977493,1.661205062223354,-0.639458691,-1.047503908,-0.864196415,-0.493886621,1.0879082239773117,0.23782765196146508,0.20917613869669247,-0.194452969,0
-1.451932543,0.3741592831358598,-0.75559019,0.5429499644318405,0.1704985927982509,-0.347964952,-0.066806206,0.9546503761693188,1.1571443517761548,1.7697603929850454,-0.919195184,0.23782765196146508,-1.069637307,-0.107827579,1
0.6887372317211945,0.6764046709466736,0.048501902760932,0.5429499644318405,-1.731367927,-1.854842462,-0.664876687,-1.047503908,1.1571443517761548,-0.082314437,-0.919195184,0.23782765196146508,-0.970819904,-0.195221265,0
-1.451932543,-1.075436613,-0.069096566,-1.783978455,0.1704985927982509,1.661205062223354,0.23222903401539735,0.9546503761693188,-0.864196415,-0.493886621,-0.919195184,0.23782765196146508,0.3254319064781808,-0.195413339,1
0.6887372317211945,-0.364568969,-0.830973824,0.5429499644318405,-0.372891842,-0.347964952,-0.528815652,0.9546503761693188,-0.864196415,-0.493886621,1.0879082239773117,0.23782765196146508,0.09292037091520411,-0.195413339,0
0.6887372317211945,0.07191389532504594,-0.353544144,0.5429499644318405,-1.45967271,-0.347964952,-0.615535872,-1.047503908,-0.864196415,-0.493886621,1.0879082239773117,0.23782765196146508,-0.3721027,-0.195413339,0
0.6887372317211945,-1.025625222,-0.655078678,-1.783978455,1.5289746786041762,-0.347964952,-0.066806206,0.9546503761693188,-0.864196415,-0.493886621,1.0879082239773117,0.23782765196146508,-0.488358468,-0.191571858,0
-1.451932543,-0.758838791,1.2043842862544307,0.5429499644318405,0.9855842442818061,-0.347964952,-0.540777062,0.9546503761693188,1.1571443517761548,0.535043839739665,1.0879082239773117,0.23782765196146508,-1.069637307,-0.08785188,1
0.6887372317211945,0.7051095401801032,0.2917397608526074,0.5429499644318405,0.9855842442818061,-0.347964952,-0.652915277,0.9546503761693188,1.1571443517761548,-0.288100529,-0.919195184,0.23782765196146508,0.09292037091520411,-0.137791129,1
0.6887372317211945,-0.751240443,-0.923444414,0.5429499644318405,0.1704985927982509,-0.850257455,0.007952603852164964,-1.047503908,-0.864196415,-0.493886621,1.0879082239773117,-3.111173978,-1.069637307,-0.195413339,1
-1.451932543,-0.687920879,-0.797805025,-1.783978455,0.9855842442818061,-0.347964952,-0.216323826,0.9546503761693188,1.1571443517761548,-0.082314437,1.0879082239773117,0.23782765196146508,-0.604614236,-0.118583725,1
-1.451932543,-0.132397233,0.10679857949364759,0.5429499644318405,0.7138890271206211,-1.352549959,0.007952603852164964,0.9546503761693188,1.1571443517761548,0.535043839739665,1.0879082239773117,0.23782765196146508,-0.494171256,-0.099376322,1
-1.451932543,0.7397242354321794,0.559100381730234,-1.783978455,0.9855842442818061,1.661205062223354,1.727405235103613,0.9546503761693188,1.1571443517761548,2.387118669607736,-0.919195184,0.23782765196146508,-1.069637307,0.24635694034818761,1
-1.451932543,0.4374788476213655,0.07362978066296458,0.5429499644318405,0.7138890271206211,-0.347964952,0.8302995144506837,0.9546503761693188,-0.864196415,-0.493886621,1.0879082239773117,0.23782765196146508,-1.069637307,0.572882799020492,1
0.6887372317211945,-0.047971147,-0.53748021,0.5429499644318405,0.1704985927982509,-0.347964952,-0.639458691,-1.047503908,-0.864196415,-0.493886621,-0.919195184,0.23782765196146508,0.6741992098226459,-0.195413339,0
-1.451932543,-0.540175228,-0.378672022,0.5429499644318405,1.8006698957653613,1.661205062223354,-0.403220851,0.9546503761693188,-0.864196415,-0.493886621,-0.919195184,0.23782765196146508,1.022966513167111,-0.195413339,1
0.6887372317211945,-0.350216535,1.5561745768828867,0.5429499644318405,-0.372891842,0.15432755179287966,-0.590117877,-1.047503908,-0.864196415,-0.493886621,1.0879082239773117,0.23782765196146508,3.115570333233901,-0.195413339,0
0.6887372317211945,0.00015172224147267545,-0.15252112,0.5429499644318405,1.8006698957653613,-0.347964952,0.8302995144506837,0.9546503761693188,1.1571443517761548,0.12347165532453808,1.0879082239773117,0.23782765196146508,0.6160713259319017,0.24232338562341207,1
0.6887372317211945,0.21206119805296497,0.350036437585323,0.5429499644318405,-0.372891842,-0.347964952,-0.627497282,0.9546503761693188,-0.864196415,-0.493886621,1.0879082239773117,0.23782765196146508,1.5054279494602876,-0.195413339,0
0.6887372317211945,-0.801051834,-0.487224454,0.5429499644318405,-0.916282276,-0.347964952,-0.440600256,-1.047503908,-0.864196415,-0.493886621,-0.919195184,0.23782765196146508,-0.023335397,-0.195413339,0
0.6887372317211945,-0.04121706,-0.336457187,0.5429499644318405,0.1704985927982509,-0.347964952,0.08271141390657576,-1.047503908,1.1571443517761548,-0.082314437,1.0879082239773117,0.23782765196146508,-0.139591165,-0.187538304,0
0.6887372317211945,0.00015172224147267545,-0.856101702,0.5429499644318405,0.1704985927982509,0.15432755179287966,-0.415182261,0.9546503761693188,-0.864196415,-0.493886621,1.0879082239773117,-3.111173978,0.7904549776041343,-0.195413339,0
0.6887372317211945,-1.314362436,-0.328416266,0.5429499644318405,0.44219380995943597,-0.347964952,-0.639458691,-1.047503908,1.1571443517761548,-0.288100529,-0.919195184,0.23782765196146508,-1.069637307,-0.194260895,0
0.6887372317211945,-0.364568969,-0.62190988,0.5429499644318405,1.5289746786041762,1.661205062223354,0.8557175098691834,0.9546503761693188,1.1571443517761548,1.3581882085699186,-0.919195184,0.23782765196146508,1.2496652603410132,-0.036568112,1
0.6887372317211945,-0.540175228,-0.353544144,0.5429499644318405,0.1704985927982509,-0.347964952,-0.291082636,-1.047503908,1.1571443517761548,-0.288100529,-0.919195184,0.23782765196146508,-1.069637307,-0.19118771,0
0.6887372317211945,3.0546875130222686,0.14901341436906232,0.5429499644318405,0.7138890271206211,2.1634975657001787,3.2225814361918292,0.9546503761693188,1.1571443517761548,-0.288100529,1.0879082239773117,0.23782765196146508,-1.069637307,-0.195413339,1
-1.451932543,-1.075436613,0.9531055072341049,0.5429499644318405,0.44219380995943597,-0.347964952,-0.178944421,0.9546503761693188,1.1571443517761548,0.7408299319472283,1.0879082239773117,0.23782765196146508,-0.837125771,-0.080168918,1
-1.451932543,-0.364568969,-0.898316537,0.5429499644318405,-0.101196624,1.661205062223354,-0.627497282,-1.047503908,1.1571443517761548,-0.288100529,1.0879082239773117,0.23782765196146508,0.5114411349285622,-0.174669343,0
-1.451932543,-1.012117049,-0.822932903,-1.783978455,0.1704985927982509,-0.347964952,-0.365841446,-1.047503908,1.1571443517761548,-0.288100529,-0.919195184,0.23782765196146508,10.555939471249156,-0.195029191,0
0.6887372317211945,-0.069077668,-0.637991722,0.5429499644318405,-1.45967271,-0.347964952,-0.489941071,-1.047503908,-0.864196415,-0.493886621,1.0879082239773117,-3.111173978,-1.069637307,-0.195413339,0
-1.451932543,1.5772310083604684,-0.788758989,0.5429499644318405,-0.372891842,-0.347964952,-0.515359067,-1.047503908,-0.864196415,-0.493886621,1.0879082239773117,0.23782765196146508,0.3254319064781808,-0.172940677,0
0.6887372317211945,-0.04121706,-0.655078678,-1.783978455,0.44219380995943597,-0.347964952,-0.652915277,-1.047503908,-0.864196415,-0.493886621,-0.919195184,-3.111173978,-0.139591165,-0.195413339,0
0.6887372317211945,1.6895177027147652,2.0587321349235386,0.5429499644318405,0.1704985927982509,-0.347964952,1.8769228552124348,0.9546503761693188,1.1571443517761548,1.3581882085699186,-0.919195184,0.23782765196146508,-1.069637307,-0.195413339,1
-1.451932543,0.4231264130046507,-0.898316537,0.5429499644318405,-1.731367927,-1.854842462,-0.664876687,-1.047503908,1.1571443517761548,1.563974300777482,-0.919195184,0.23782765196146508,0.09292037091520411,-0.191956006,0
0.6887372317211945,0.16984815506262785,-0.403799899,0.5429499644318405,-0.101196624,-0.347964952,0.6060230842874513,0.9546503761693188,1.1571443517761548,0.7408299319472283,-0.919195184,0.23782765196146508,0.11617152447150178,-0.195413339,1
-1.451932543,-0.906584441,-0.353544144,0.5429499644318405,-0.372891842,-0.347964952,-0.652915277,0.9546503761693188,-0.864196415,-0.493886621,-0.919195184,0.23782765196146508,-0.488358468,-0.195413339,1
0.6887372317211945,0.38851171775257454,2.6869290824743532,0.5429499644318405,0.44219380995943597,-0.347964952,-0.639458691,-1.047503908,-0.864196415,-0.493886621,-0.919195184,0.23782765196146508,0.7904549776041343,0.4868336315586142,0
0.6887372317211945,1.6194440513508057,-0.839014745,0.5429499644318405,-1.731367927,-1.854842462,-0.664876687,-1.047503908,-0.864196415,-0.493886621,-0.919195184,0.23782765196146508,-0.22678299,-0.195413339,0
-1.451932543,-0.674412705,-0.789764104,0.5429499644318405,0.9855842442818061,-0.347964952,-0.540777062,-1.047503908,1.1571443517761548,-0.288100529,1.0879082239773117,0.23782765196146508,0.09292037091520411,-0.193300525,0
0.6887372317211945,0.30408563177190023,-0.052009609,0.5429499644318405,1.8006698957653613,1.661205062223354,1.0545759446139162,-1.047503908,-0.864196415,-0.493886621,1.0879082239773117,-3.111173978,3.0632552377322315,-0.195413339,1
-1.451932543,2.2669921308225778,3.2648702742211024,0.5429499644318405,-1.187977493,0.15432755179287966,2.3254757155388996,0.9546503761693188,1.1571443517761548,2.1813325774001724,-0.919195184,0.23782765196146508,-1.069637307,1.0914826922059166,1
0.6887372317211945,-0.280142883,-0.780718068,0.5429499644318405,-0.101196624,-0.347964952,-0.377802856,0.9546503761693188,1.1571443517761548,0.12347165532453808,1.0879082239773117,0.23782765196146508,1.23222689517379,-0.195413339,1
0.6887372317211945,0.00015172224147267545,-0.830973824,0.5429499644318405,-0.916282276,-0.347964952,-0.590117877,-1.047503908,-0.864196415,-0.493886621,-0.919195184,0.23782765196146508,1.1392222809485992,0.19065547033938274,0
-1.451932543,0.015348417717994025,-0.353544144,-1.783978455,-0.644587059,-0.850257455,-0.664876687,-1.047503908,-0.864196415,-0.493886621,-0.919195184,0.23782765196146508,-0.139591165,-0.191571858,0
0.6887372317211945,-1.025625222,0.350036437585323,0.5429499644318405,0.44219380995943597,1.661205062223354,-0.228285236,0.9546503761693188,1.1571443517761548,0.9466160241547917,-0.919195184,0.23782765196146508,-0.604614236,0.37197335891976824,1
0.6887372317211945,0.6341916279563364,0.24952492597719264,0.5429499644318405,-0.101196624,-0.347964952,-0.279121227,0.9546503761693188,1.1571443517761548,0.535043839739665,1.0879082239773117,0.23782765196146508,-0.441856161,0.015291876828903974,1
0.6887372317211945,-1.223182264,-0.295247467,0.5429499644318405,-1.187977493,-0.347964952,-0.564699881,-1.047503908,-0.864196415,-0.493886621,1.0879082239773117,0.23782765196146508,-0.255846932,-0.195029191,0
0.6887372317211945,1.1196416223452137,0.4505479491934533,-1.783978455,0.1704985927982509,-0.347964952,-0.178944421,-1.047503908,-0.864196415,-0.493886621,-0.919195184,0.23782765196146508,-0.139591165,-0.195029191,0
0.6887372317211945,-1.293255915,-0.956613213,-1.783978455,-0.372891842,-0.347964952,-0.590117877,-1.047503908,-0.864196415,-0.493886621,-0.919195184,0.23782765196146508,-0.720870004,-0.195413339,0
-1.451932543,0.810642147655946,0.350036437585323,0.5429499644318405,0.9855842442818061,-0.347964952,-0.515359067,0.9546503761693188,1.1571443517761548,0.12347165532453808,1.0879082239773117,0.23782765196146508,-0.22678299,-0.195413339,1
0.6887372317211945,-0.223577406,2.0587321349235386,0.5429499644318405,0.1704985927982509,1.661205062223354,0.9304763199235943,0.9546503761693188,1.1571443517761548,1.7697603929850454,-0.919195184,0.23782765196146508,-1.069637307,0.24309168176146456,1
-1.451932543,-0.455749142,-0.554567167,0.5429499644318405,-0.644587059,-0.850257455,-0.664876687,-1.047503908,-0.864196415,-0.493886621,1.0879082239773117,0.23782765196146508,0.5346922884848598,-0.195221265,0
0.6887372317211945,0.5919785849659993,-0.286201431,0.5429499644318405,0.44219380995943597,-0.347964952,0.5312642742330406,0.9546503761693188,1.1571443517761548,2.387118669607736,-0.919195184,0.23782765196146508,1.1566606461158226,0.06273416335364466,1
0.6887372317211945,-0.540175228,0.24952492597719264,0.5429499644318405,0.1704985927982509,-0.347964952,-0.365841446,0.9546503761693188,1.1571443517761548,0.12347165532453808,-0.919195184,0.23782765196146508,-1.069637307,-0.195413339,1
-1.451932543,-0.28689697,-0.88122958,0.5429499644318405,0.9855842442818061,-0.347964952,-0.489941071,0.9546503761693188,1.1571443517761548,0.3292577475321015,-0.919195184,0.23782765196146508,-0.604614236,-0.195413339,1
0.6887372317211945,3.533383420532692,2.6115454487682555,0.5429499644318405,-1.731367927,-1.854842462,-0.664876687,0.9546503761693188,-0.864196415,-0.493886621,1.0879082239773117,0.23782765196146508,-1.069637307,-0.195413339,1
0.6887372317211945,-0.765592878,1.355151553666626,-1.783978455,-0.101196624,-0.347964952,-0.216323826,-1.047503908,-0.864196415,-0.493886621,1.0879082239773117,0.23782765196146508,-1.069637307,0.572882799020492,0
-1.451932543,-0.371323056,-0.705334434,0.5429499644318405,-1.731367927,-1.854842462,-0.664876687,-1.047503908,1.1571443517761548,-0.288100529,-0.919195184,0.23782765196146508,-0.534860775,-0.137791129,0
-1.451932543,-1.046731744,0.7691694409912266,0.5429499644318405,1.5289746786041762,1.661205062223354,-0.440600256,0.9546503761693188,1.1571443517761548,0.9466160241547917,-0.919195184,0.23782765196146508,-0.511609622,-0.195413339,1
-1.451932543,-0.505560533,-0.956613213,0.5429499644318405,0.1704985927982509,-0.347964952,-0.664876687,-1.047503908,-0.864196415,-0.493886621,-0.919195184,3.586829281622914,-8.42E-05,-0.195413339,1
0.6887372317211945,0.00015172224147267545,-0.948572292,-1.783978455,-1.45967271,-0.347964952,0.6060230842874513,-1.047503908,-0.864196415,-0.493886621,1.0879082239773117,0.23782765196146508,1.6042453520745528,-0.195413339,0
-1.451932543,-0.765592878,0.7520824840178443,0.5429499644318405,0.9855842442818061,-0.347964952,-0.141565016,0.9546503761693188,1.1571443517761548,1.563974300777482,-0.919195184,0.23782765196146508,-0.604614236,-0.005260045,0
-1.451932543,-0.730133921,-0.705334434,0.5429499644318405,0.9855842442818061,-0.347964952,-0.590117877,-1.047503908,-0.864196415,-0.493886621,1.0879082239773117,0.23782765196146508,-0.3721027,-0.040025445,0
0.6887372317211945,-0.702273313,1.5813024547849195,0.5429499644318405,0.1704985927982509,-0.347964952,-0.627497282,-1.047503908,1.1571443517761548,-0.082314437,-0.919195184,0.23782765196146508,-1.069637307,0.8709817005848546,0
-1.451932543,-0.174610276,-0.738503233,-1.783978455,1.8006698957653613,-0.347964952,-0.365841446,-1.047503908,-0.864196415,-0.493886621,-0.919195184,0.23782765196146508,0.5579434420411575,-0.192916377,0
-1.451932543,0.0364549392131626,0.24952492597719264,0.5429499644318405,-1.45967271,-0.347964952,-0.291082636,-1.047503908,-0.864196415,-0.493886621,-0.919195184,0.23782765196146508,0.5114411349285622,-0.195413339,0
0.6887372317211945,-0.385675491,-0.655078678,-1.783978455,0.44219380995943597,-0.347964952,-0.552738472,0.9546503761693188,-0.864196415,-0.493886621,1.0879082239773117,0.23782765196146508,0.4416876742596692,0.009145507724484126,1
0.6887372317211945,-1.03322357,1.2375530850851135,0.5429499644318405,0.1704985927982509,0.15432755179287966,-0.489941071,-1.047503908,1.1571443517761548,-0.082314437,1.0879082239773117,0.23782765196146508,0.09292037091520411,-0.194068821,0
0.6887372317211945,0.3530527616406912,-0.471142612,0.5429499644318405,0.44219380995943597,-0.347964952,-0.627497282,-1.047503908,1.1571443517761548,-0.082314437,-0.919195184,0.23782765196146508,0.20917613869669247,-0.195221265,0
0.6887372317211945,-1.075436613,-0.956613213,0.5429499644318405,0.9855842442818061,-0.347964952,-0.466018252,-1.047503908,-0.864196415,-0.493886621,-0.919195184,0.23782765196146508,-0.139591165,-0.195221265,0
-1.451932543,-0.23792984,-0.202776876,0.5429499644318405,0.1704985927982509,-0.347964952,-0.340423451,0.9546503761693188,1.1571443517761548,-0.288100529,1.0879082239773117,0.23782765196146508,1.0869071854469297,-0.195413339,1
0.6887372317211945,0.24076606728639455,-0.102265365,0.5429499644318405,-1.187977493,0.15432755179287966,0.30698784406980817,0.9546503761693188,1.1571443517761548,-0.082314437,-0.919195184,0.23782765196146508,0.523066711706711,-0.078248178,1
-1.451932543,0.14198754668900546,-0.353544144,-1.783978455,-0.372891842,-0.347964952,-0.066806206,-1.047503908,-0.864196415,-0.493886621,-0.919195184,0.23782765196146508,-0.023335397,-0.195413339,0
0.6887372317211945,1.8870747439095432,0.9782333851361374,0.5429499644318405,0.7138890271206211,-0.347964952,1.9262636698483457,0.9546503761693188,1.1571443517761548,0.535043839739665,-0.919195184,0.23782765196146508,-1.069637307,-0.195413339,1
0.6887372317211945,-0.533421141,-0.75559019,0.5429499644318405,-0.372891842,-0.347964952,-0.515359067,-1.047503908,-0.864196415,-0.493886621,-0.919195184,0.23782765196146508,0.09292037091520411,-0.195413339,0
0.6887372317211945,0.07191389532504594,-0.521398368,-1.783978455,-0.916282276,-1.854842462,-0.664876687,-1.047503908,-0.864196415,-0.493886621,-0.919195184,0.23782765196146508,-0.3721027,-0.195413339,0
-1.451932543,-0.88547792,0.048501902760932,-1.783978455,-1.731367927,-1.854842462,-0.664876687,-1.047503908,-0.864196415,-0.493886621,-0.919195184,0.23782765196146508,-1.069637307,-0.195413339,0
-1.451932543,2.104894045739683,2.259755158139799,0.5429499644318405,-0.644587059,-1.854842462,-0.664876687,0.9546503761693188,1.1571443517761548,2.592904761815299,-0.919195184,0.23782765196146508,-1.069637307,-0.147971053,1
0.6887372317211945,0.05756146070833117,-0.923444414,-1.783978455,0.1704985927982509,1.661205062223354,0.30698784406980817,0.9546503761693188,1.1571443517761548,-0.288100529,1.0879082239773117,0.23782765196146508,1.441487277180469,1.341178937072973,1
-1.451932543,-0.93444505,1.4224942664440736,0.5429499644318405,0.1704985927982509,1.661205062223354,1.129334754668327,0.9546503761693188,-0.864196415,-0.493886621,-0.919195184,0.23782765196146508,0.9067107453856226,-0.195413339,1
-1.451932543,-0.111290711,0.14901341436906232,0.5429499644318405,-0.916282276,-0.347964952,0.9798171345595054,-1.047503908,-0.864196415,-0.493886621,1.0879082239773117,-3.111173978,-0.488358468,-0.195413339,0
-1.451932543,-0.589986619,-0.821927788,0.5429499644318405,-0.372891842,1.661205062223354,-0.141565016,0.9546503761693188,-0.864196415,-0.493886621,-0.919195184,0.23782765196146508,1.2554780487300876,-0.195413339,0
0.6887372317211945,-0.7090274,1.2797679199605285,0.5429499644318405,1.8006698957653613,1.661205062223354,-0.527320476,0.9546503761693188,1.1571443517761548,-0.288100529,-0.919195184,0.23782765196146508,-0.488358468,-0.195413339,1
-1.451932543,0.00015172224147267545,1.304895797862561,0.5429499644318405,-1.731367927,-1.854842462,-0.664876687,-1.047503908,-0.864196415,-0.493886621,-0.919195184,0.23782765196146508,-8.42E-05,0.8033716404362363,0
-1.451932543,0.06431554758678497,-0.848060781,0.5429499644318405,1.5289746786041762,-0.347964952,-0.652915277,0.9546503761693188,-0.864196415,-0.493886621,-0.919195184,0.23782765196146508,1.4879895842930644,1.9513981447211557,1
0.6887372317211945,-0.645707836,-0.655078678,0.5429499644318405,-1.45967271,1.661205062223354,-0.104185611,0.9546503761693188,1.1571443517761548,0.7408299319472283,-0.919195184,0.23782765196146508,0.09292037091520411,-0.13260513,1
0.6887372317211945,0.4374788476213655,-0.931485335,-1.783978455,0.1704985927982509,-0.347964952,-0.216323826,-1.047503908,-0.864196415,-0.493886621,1.0879082239773117,0.23782765196146508,0.2789295993655855,-0.173708973,1
0.6887372317211945,-0.146749667,-0.705334434,-1.783978455,-0.916282276,-0.347964952,-0.590117877,-1.047503908,-0.864196415,-0.493886621,-0.919195184,0.23782765196146508,0.23242729225299014,-0.195413339,0
-1.451932543,-0.632199662,-0.856101702,0.5429499644318405,0.9855842442818061,1.661205062223354,-0.291082636,0.9546503761693188,1.1571443517761548,-0.288100529,-0.919195184,0.23782765196146508,-1.069637307,-0.065187144,1
0.6887372317211945,-0.877879572,-0.906357458,-1.783978455,0.1704985927982509,1.661205062223354,-0.590117877,-1.047503908,-0.864196415,-0.493886621,-0.919195184,0.23782765196146508,0.5579434420411575,-0.156230236,0
0.6887372317211945,-0.012512191,2.159243646531669,0.5429499644318405,0.1704985927982509,-0.347964952,-0.515359067,0.9546503761693188,-0.864196415,-0.493886621,-0.919195184,0.23782765196146508,-0.3721027,-0.195413339,0
0.6887372317211945,-0.737732269,-0.353544144,0.5429499644318405,-0.101196624,-0.347964952,-0.279121227,0.9546503761693188,1.1571443517761548,-0.288100529,-0.919195184,0.23782765196146508,0.4416876742596692,-0.041754111,1
0.6887372317211945,0.5007984121068713,-0.604822923,-1.783978455,0.1704985927982509,0.15432755179287966,-0.590117877,0.9546503761693188,-0.864196415,-0.493886621,1.0879082239773117,0.23782765196146508,-0.116340011,-0.118583725,0
-1.451932543,-0.568880097,-0.052009609,0.5429499644318405,0.44219380995943597,-0.347964952,-0.365841446,-1.047503908,-0.864196415,-0.493886621,1.0879082239773117,0.23782765196146508,1.022966513167111,-0.194260895,0
0.6887372317211945,0.40201989150948214,-0.194735955,0.5429499644318405,0.44219380995943597,-0.347964952,-0.316500632,0.9546503761693188,-0.864196415,-0.493886621,1.0879082239773117,0.23782765196146508,0.09292037091520411,-0.195413339,0
-1.451932543,1.3239527504184456,-0.805845946,0.5429499644318405,0.9855842442818061,1.661205062223354,0.15747022396098656,0.9546503761693188,1.1571443517761548,-0.288100529,-0.919195184,0.23782765196146508,0.8660212266621017,-0.0240833,1
0.6887372317211945,0.0432090260916164,-0.15252112,-1.783978455,1.5289746786041762,-0.347964952,-0.216323826,-1.047503908,-0.864196415,-0.493886621,1.0879082239773117,0.23782765196146508,-0.3721027,-0.195413339,0
-1.451932543,-0.083430103,1.1872973292810485,0.5429499644318405,0.9855842442818061,1.661205062223354,-0.639458691,-1.047503908,1.1571443517761548,1.975546485192609,1.0879082239773117,0.23782765196146508,-0.319787605,-0.194837117,0
0.6887372317211945,-0.315601839,-0.647037758,0.5429499644318405,0.44219380995943597,-0.347964952,0.45650546417862975,0.9546503761693188,1.1571443517761548,0.535043839739665,1.0879082239773117,0.23782765196146508,-0.488358468,-0.194837117,1
0.6887372317211945,1.9639024821519566,2.159243646531669,0.5429499644318405,0.7138890271206211,2.1634975657001787,-0.664876687,0.9546503761693188,1.1571443517761548,3.6218352228531168,-0.919195184,0.23782765196146508,-0.186093472,-0.170443715,0
0.6887372317211945,-1.30760835,-0.805845946,0.5429499644318405,0.1704985927982509,-0.347964952,-0.141565016,0.9546503761693188,1.1571443517761548,0.535043839739665,1.0879082239773117,0.23782765196146508,0.9764642060545157,-0.062882255,1
0.6887372317211945,-0.589986619,1.5561745768828867,0.5429499644318405,0.44219380995943597,-0.347964952,-0.403220851,0.9546503761693188,-0.864196415,-0.493886621,1.0879082239773117,0.23782765196146508,0.4416876742596692,-0.195413339,0
0.6887372317211945,0.09302041682021452,0.14901341436906232,0.5429499644318405,0.9855842442818061,1.661205062223354,0.9798171345595054,0.9546503761693188,1.1571443517761548,1.975546485192609,1.0879082239773117,0.23782765196146508,1.301980355842683,-0.003339305,1
0.6887372317211945,-0.118044798,-0.856101702,0.5429499644318405,0.1704985927982509,-0.347964952,-0.141565016,0.9546503761693188,1.1571443517761548,1.7697603929850454,-0.919195184,0.23782765196146508,-0.883628078,-0.09169336,1
0.6887372317211945,-0.786699399,-0.864142623,0.5429499644318405,-0.916282276,-0.347964952,-0.627497282,-1.047503908,-0.864196415,-0.493886621,1.0879082239773117,0.23782765196146508,0.5579434420411575,-0.184849267,0
0.6887372317211945,0.8596092775247369,-0.763631111,0.5429499644318405,1.8006698957653613,-0.347964952,0.08271141390657576,0.9546503761693188,-0.864196415,-0.493886621,-0.919195184,0.23782765196146508,1.8948847715282737,-0.080168918,1
0.6887372317211945,0.4307247607429117,-0.554567167,0.5429499644318405,-1.187977493,-0.347964952,-0.590117877,-1.047503908,-0.864196415,-0.493886621,1.0879082239773117,0.23782765196146508,0.2149889270857669,-0.195413339,0
0.6887372317211945,-0.484454011,1.6235172896603345,0.5429499644318405,1.5289746786041762,-0.347964952,-0.515359067,-1.047503908,-0.864196415,-0.493886621,-0.919195184,0.23782765196146508,-1.069637307,-0.195029191,0
0.6887372317211945,-0.13915132,-0.587735966,0.5429499644318405,0.1704985927982509,1.661205062223354,0.631441079705951,0.9546503761693188,-0.864196415,-0.493886621,-0.919195184,0.23782765196146508,0.4416876742596692,-0.156998532,1
0.6887372317211945,-0.969904006,-0.906357458,0.5429499644318405,0.9855842442818061,-0.347964952,-0.627497282,-1.047503908,-0.864196415,-0.493886621,-0.919195184,0.23782765196146508,0.09292037091520411,-0.195413339,0
0.6887372317211945,-1.004518701,-0.88122958,0.5429499644318405,0.9855842442818061,-0.347964952,-0.066806206,0.9546503761693188,1.1571443517761548,-0.082314437,1.0879082239773117,0.23782765196146508,-0.604614236,-0.195413339,1
0.6887372317211945,1.6760095289578576,-0.948572292,0.5429499644318405,1.8006698957653613,1.661205062223354,-0.652915277,0.9546503761693188,-0.864196415,-0.493886621,-0.919195184,0.23782765196146508,-1.069637307,0.3808087645073718,1
0.6887372317211945,2.6325570831188974,0.4505479491934533,0.5429499644318405,0.7138890271206211,2.1634975657001787,-0.664876687,-1.047503908,-0.864196415,-0.493886621,-0.919195184,0.23782765196146508,-1.069637307,-0.193108451,0
0.6887372317211945,0.7608307569273479,-0.295247467,0.5429499644318405,-0.101196624,-0.347964952,0.38174665412421893,-1.047503908,-0.864196415,-0.493886621,1.0879082239773117,-3.111173978,1.2554780487300876,-0.195413339,0
-1.451932543,-1.286501828,-0.914398378,0.5429499644318405,-0.372891842,-0.347964952,-0.627497282,-1.047503908,-0.864196415,-0.493886621,-0.919195184,0.23782765196146508,0.09292037091520411,-0.195221265,0
0.6887372317211945,-0.174610276,-0.84001986,0.5429499644318405,0.44219380995943597,-0.347964952,-0.578156467,-1.047503908,1.1571443517761548,-0.288100529,-0.919195184,0.23782765196146508,0.9067107453856226,0.3429701797082871,0
0.6887372317211945,0.2053071111745112,-0.052009609,0.5429499644318405,-0.372891842,-0.347964952,-0.365841446,0.9546503761693188,-0.864196415,-0.493886621,1.0879082239773117,0.23782765196146508,0.3254319064781808,-0.195413339,0
-1.451932543,3.378039422328251,-0.956613213,0.5429499644318405,0.1704985927982509,-0.347964952,-0.664876687,-1.047503908,-0.864196415,-0.493886621,-0.919195184,3.586829281622914,-8.42E-05,-0.195413339,1
0.6887372317211945,0.8807157990199055,-0.915403494,0.5429499644318405,-1.187977493,1.661205062223354,0.8676789194778891,0.9546503761693188,-0.864196415,-0.493886621,-0.919195184,0.23782765196146508,1.2554780487300876,-0.195413339,1
-1.451932543,-0.765592878,1.2546400420584958,-1.783978455,0.9855842442818061,-0.347964952,0.23222903401539735,0.9546503761693188,-0.864196415,-0.493886621,1.0879082239773117,0.23782765196146508,0.48818998137226455,-0.195413339,0
0.6887372317211945,-0.603494793,-0.554567167,0.5429499644318405,0.7138890271206211,-1.352549959,-0.615535872,-1.047503908,1.1571443517761548,-0.082314437,-0.919195184,0.23782765196146508,0.7904549776041343,0.05428290583506738,0
0.6887372317211945,1.0774285793548766,-0.856101702,0.5429499644318405,-1.187977493,1.661205062223354,0.8302995144506837,0.9546503761693188,-0.864196415,-0.493886621,1.0879082239773117,0.23782765196146508,0.7904549776041343,-0.195413339,1
-1.451932543,-0.723379835,1.4054073094706914,0.5429499644318405,1.8006698957653613,1.661205062223354,-0.515359067,0.9546503761693188,1.1571443517761548,-0.082314437,1.0879082239773117,0.23782765196146508,0.6741992098226459,-0.089580546,1
0.6887372317211945,0.24076606728639455,-0.688247477,0.5429499644318405,-1.187977493,0.15432755179287966,-0.627497282,-1.047503908,-0.864196415,-0.493886621,1.0879082239773117,0.23782765196146508,1.4879895842930644,0.6689198162770521,0
0.6887372317211945,-0.716625748,1.355151553666626,0.5429499644318405,-1.187977493,-0.347964952,0.38174665412421893,0.9546503761693188,1.1571443517761548,1.3581882085699186,-0.919195184,0.23782765196146508,-0.744121157,-0.052894405,1
0.6887372317211945,-0.476855664,-0.780718068,0.5429499644318405,-0.916282276,-0.347964952,-0.552738472,-1.047503908,1.1571443517761548,-0.082314437,1.0879082239773117,0.23782765196146508,-0.058212127,-0.194837117,0
-1.451932543,-1.180969221,0.8525939956259746,0.5429499644318405,-0.372891842,-0.347964952,-0.253703231,0.9546503761693188,-0.864196415,-0.493886621,1.0879082239773117,0.23782765196146508,-1.069637307,-0.195413339,1
0.6887372317211945,-0.941199136,-0.738503233,0.5429499644318405,0.9855842442818061,-0.347964952,-0.216323826,-1.047503908,-0.864196415,-0.493886621,-0.919195184,0.23782765196146508,-0.441856161,-0.194068821,0
0.6887372317211945,0.008594330839540225,2.292923956970482,0.5429499644318405,-1.45967271,-0.347964952,0.23222903401539735,0.9546503761693188,1.1571443517761548,1.3581882085699186,-0.919195184,0.23782765196146508,0.383559790368925,-0.055199294,1
-1.451932543,2.196074218598811,-0.554567167,0.5429499644318405,-1.731367927,-1.854842462,1.2788523747771483,-1.047503908,1.1571443517761548,-0.288100529,-0.919195184,0.23782765196146508,-1.069637307,-0.193492599,0
0.6887372317211945,2.3725247382984205,-0.647037758,0.5429499644318405,0.9855842442818061,-0.347964952,-0.627497282,0.9546503761693188,-0.864196415,-0.493886621,1.0879082239773117,0.23782765196146508,0.4416876742596692,-0.195413339,1
-1.451932543,2.836868211192129,1.857709111707278,0.5429499644318405,-1.731367927,-1.854842462,-0.664876687,0.9546503761693188,1.1571443517761548,1.7697603929850454,1.0879082239773117,0.23782765196146508,-1.069637307,0.0734903092863794,1
0.6887372317211945,-0.125643146,-0.747549269,-1.783978455,-1.187977493,0.15432755179287966,-0.515359067,0.9546503761693188,1.1571443517761548,1.563974300777482,1.0879082239773117,0.23782765196146508,-0.30234924,-0.190035266,0
0.6887372317211945,1.4362394447727422,0.350036437585323,0.5429499644318405,0.9855842442818061,1.661205062223354,1.129334754668327,0.9546503761693188,-0.864196415,-0.493886621,1.0879082239773117,0.23782765196146508,0.9648386292763668,-0.195413339,1
-1.451932543,-0.674412705,1.355151553666626,-1.783978455,-0.916282276,1.661205062223354,0.23222903401539735,-1.047503908,-0.864196415,-0.493886621,1.0879082239773117,0.23782765196146508,-0.953381539,-0.192340154,0
0.6887372317211945,-0.962305658,0.9028497514300398,0.5429499644318405,0.1704985927982509,-0.347964952,-0.166983012,0.9546503761693188,1.1571443517761548,0.12347165532453808,1.0879082239773117,0.23782765196146508,-0.837125771,-0.190035266,1
0.6887372317211945,1.4016247495206662,0.5761873387036162,0.5429499644318405,0.44219380995943597,1.661205062223354,3.9701695367359373,0.9546503761693188,1.1571443517761548,1.975546485192609,-0.919195184,0.23782765196146508,-1.069637307,-0.043674852,1
0.6887372317211945,-0.702273313,-0.655078678,0.5429499644318405,0.9855842442818061,-0.347964952,0.04533200887937036,0.9546503761693188,1.1571443517761548,0.12347165532453808,1.0879082239773117,0.23782765196146508,-1.069637307,-0.083626251,1
0.6887372317211945,0.05756146070833117,1.857709111707278,-1.783978455,-1.731367927,-1.854842462,-0.664876687,-1.047503908,1.1571443517761548,-0.082314437,-0.919195184,0.23782765196146508,-0.139591165,-0.195221265,0
0.6887372317211945,0.16984815506262785,-0.889270501,-1.783978455,1.5289746786041762,-0.347964952,-0.639458691,-1.047503908,-0.864196415,-0.493886621,-0.919195184,0.23782765196146508,-0.023335397,-0.195413339,0
0.6887372317211945,-0.674412705,-0.864142623,-1.783978455,0.44219380995943597,-0.347964952,0.12009081893378117,0.9546503761693188,1.1571443517761548,0.7408299319472283,1.0879082239773117,0.23782765196146508,0.13942267802779945,-0.128763649,0
0.6887372317211945,-1.236690437,-0.889270501,-1.783978455,-0.916282276,-0.347964952,-0.578156467,-1.047503908,-0.864196415,-0.493886621,-0.919195184,-3.111173978,0.09292037091520411,-0.195413339,0
-1.451932543,-0.906584441,0.7520824840178443,0.5429499644318405,0.1704985927982509,-0.347964952,-0.615535872,-1.047503908,-0.864196415,-0.493886621,-0.919195184,0.23782765196146508,-1.069637307,-0.127995353,0
-1.451932543,2.4493524765408337,2.3602666697479298,0.5429499644318405,0.9855842442818061,-0.347964952,2.6245109557565427,0.9546503761693188,-0.864196415,-0.493886621,1.0879082239773117,0.23782765196146508,-0.947568751,1.8330805394610736,1
0.6887372317211945,0.00015172224147267545,0.048501902760932,-1.783978455,-0.372891842,-0.347964952,1.8769228552124348,0.9546503761693188,-0.864196415,-0.493886621,-0.919195184,0.23782765196146508,-1.069637307,-0.195413339,0
-1.451932543,-0.554527663,1.5220006629361225,0.5429499644318405,1.5289746786041762,1.661205062223354,0.38174665412421893,0.9546503761693188,1.1571443517761548,0.7408299319472283,-0.919195184,0.23782765196146508,1.2554780487300876,-0.107443431,1
0.6887372317211945,-0.850018964,1.00336126303817,0.5429499644318405,0.1704985927982509,-0.347964952,-0.590117877,0.9546503761693188,-0.864196415,-0.493886621,-0.919195184,0.23782765196146508,-0.255846932,-0.195413339,0
0.6887372317211945,-0.941199136,-0.956613213,0.5429499644318405,0.1704985927982509,-0.347964952,-0.664876687,-1.047503908,-0.864196415,-0.493886621,-0.919195184,3.586829281622914,-8.42E-05,-0.195413339,0
-1.451932543,-0.533421141,1.7571976000991476,-1.783978455,-1.731367927,-1.854842462,-0.066806206,-1.047503908,1.1571443517761548,-0.288100529,1.0879082239773117,0.23782765196146508,0.09292037091520411,-0.195221265,0
0.6887372317211945,0.9507894503838651,-0.026881731,0.5429499644318405,0.9855842442818061,-0.347964952,0.7047047135592737,0.9546503761693188,-0.864196415,-0.493886621,-0.919195184,-3.111173978,-1.069637307,-0.195413339,1
0.6887372317211945,-0.413536099,-0.604822923,-1.783978455,0.1704985927982509,-0.347964952,-0.365841446,0.9546503761693188,1.1571443517761548,0.535043839739665,1.0879082239773117,0.23782765196146508,-0.139591165,0.9141983583503067,1
0.6887372317211945,2.2171807400939794,0.4585888701221037,0.5429499644318405,-0.101196624,-0.347964952,3.5216166764094723,0.9546503761693188,1.1571443517761548,0.7408299319472283,1.0879082239773117,0.23782765196146508,1.022966513167111,0.06042927493948723,1
0.6887372317211945,2.055926915870892,1.355151553666626,0.5429499644318405,-1.731367927,-1.854842462,0.8302995144506837,0.9546503761693188,1.1571443517761548,0.535043839739665,-0.919195184,0.23782765196146508,-1.069637307,1.5046339404436382,1
0.6887372317211945,1.6684111812195965,1.0536170188422351,0.5429499644318405,-1.187977493,0.15432755179287966,-0.664876687,0.9546503761693188,1.1571443517761548,1.7697603929850454,-0.919195184,0.23782765196146508,-1.069637307,0.04448713007489825,1
0.6887372317211945,0.6975111924418422,-0.856101702,0.5429499644318405,-0.101196624,-0.347964952,-0.590117877,0.9546503761693188,-0.864196415,-0.493886621,-0.919195184,-3.111173978,0.6044457491537529,-0.195413339,0
0.6887372317211945,-0.336708361,-0.546526246,-1.783978455,-0.372891842,-0.347964952,-0.066806206,0.9546503761693188,1.1571443517761548,0.12347165532453808,1.0879082239773117,0.23782765196146508,1.081094397057855,-0.08785188,1
0.6887372317211945,-0.118044798,0.350036437585323,0.5429499644318405,1.5289746786041762,-0.347964952,0.26960843904260273,0.9546503761693188,1.1571443517761548,1.1524021163623552,-0.919195184,0.23782765196146508,0.8485828614948784,0.035075502383755355,1
0.6887372317211945,1.7106242242099337,-0.546526246,-1.783978455,-1.731367927,-1.854842462,-0.216323826,-1.047503908,-0.864196415,-0.493886621,-0.919195184,0.23782765196146508,-0.3721027,-0.195221265,0
-1.451932543,-0.554527663,1.2546400420584958,-1.783978455,-0.372891842,-0.347964952,0.6807818943418621,0.9546503761693188,-0.864196415,-0.493886621,-0.919195184,0.23782765196146508,-0.3721027,-0.195413339,0
0.6887372317211945,-0.160257841,-0.805845946,-1.783978455,0.1704985927982509,-0.347964952,-0.652915277,-1.047503908,-0.864196415,-0.493886621,-0.919195184,0.23782765196146508,0.3254319064781808,-0.195413339,0
-1.451932543,0.1774465028008888,-0.88122958,0.5429499644318405,1.5289746786041762,-0.347964952,-0.552738472,-1.047503908,-0.864196415,-0.493886621,-0.919195184,0.23782765196146508,0.6741992098226459,-0.186962082,1
0.6887372317211945,-0.491208098,-0.805845946,0.5429499644318405,0.1704985927982509,0.15432755179287966,-0.590117877,0.9546503761693188,-0.864196415,-0.493886621,-0.919195184,0.23782765196146508,0.9590258408872924,-0.190995636,1
-1.451932543,-0.244683927,-0.747549269,0.5429499644318405,0.1704985927982509,-0.347964952,0.08271141390657576,0.9546503761693188,1.1571443517761548,0.535043839739665,1.0879082239773117,0.23782765196146508,0.6741992098226459,0.07925253032177301,1
-1.451932543,-1.138756178,-0.88122958,2.869878383425442,1.5289746786041762,-1.854842462,2.3254757155388996,-1.047503908,-0.864196415,-0.493886621,1.0879082239773117,-3.111173978,0.6741992098226459,-0.195413339,1
0.6887372317211945,-0.941199136,0.4505479491934533,0.5429499644318405,0.1704985927982509,-0.347964952,-0.178944421,0.9546503761693188,1.1571443517761548,0.12347165532453808,-0.919195184,0.23782765196146508,0.09292037091520411,0.07176164297576132,1
0.6887372317211945,-1.187723308,3.465893297437363,2.869878383425442,-1.731367927,1.1589125587465292,-0.664876687,-1.047503908,-0.864196415,-0.493886621,1.0879082239773117,3.586829281622914,1.5461174681838086,19.011990112280035,1
0.6887372317211945,-1.138756178,0.40029219338938815,-1.783978455,-0.101196624,-0.347964952,-0.652915277,-1.047503908,-0.864196415,-0.493886621,-0.919195184,0.23782765196146508,-0.255846932,-0.195413339,0
0.6887372317211945,1.3594117065303288,-0.454055655,0.5429499644318405,-0.101196624,0.15432755179287966,0.08271141390657576,0.9546503761693188,1.1571443517761548,1.975546485192609,1.0879082239773117,0.23782765196146508,1.3136059326208318,0.28669248759594285,1
0.6887372317211945,2.182566044841903,0.7520824840178443,0.5429499644318405,0.7138890271206211,1.661205062223354,1.42836999488597,0.9546503761693188,1.1571443517761548,0.12347165532453808,-0.919195184,0.23782765196146508,-1.069637307,-0.195413339,1
0.6887372317211945,-1.50432113,-0.15252112,-1.783978455,0.44219380995943597,-0.347964952,-0.141565016,0.9546503761693188,1.1571443517761548,-0.082314437,1.0879082239773117,0.23782765196146508,-0.3721027,-0.003339305,1
0.6887372317211945,-1.03322357,0.9531055072341049,0.5429499644318405,0.9855842442818061,-0.347964952,-0.365841446,0.9546503761693188,-0.864196415,-0.493886621,1.0879082239773117,0.23782765196146508,-0.720870004,-0.118583725,1
-1.451932543,-0.814560007,1.3883203524973091,0.5429499644318405,-0.916282276,1.661205062223354,-0.639458691,-1.047503908,-0.864196415,-0.493886621,-0.919195184,0.23782765196146508,0.7904549776041343,-0.194452969,0
0.6887372317211945,-1.180969221,1.0536170188422351,0.5429499644318405,0.44219380995943597,1.661205062223354,-0.615535872,-1.047503908,1.1571443517761548,-0.288100529,-0.919195184,0.23782765196146508,-0.3721027,-0.195221265,0
0.6887372317211945,0.2753807625384707,-0.454055655,-1.783978455,0.44219380995943597,-0.347964952,0.23222903401539735,-1.047503908,-0.864196415,-0.493886621,-0.919195184,-3.111173978,0.09292037091520411,-0.195413339,0
0.6887372317211945,-0.202470884,-0.253032632,0.5429499644318405,0.44219380995943597,-0.347964952,0.38174665412421893,0.9546503761693188,1.1571443517761548,0.12347165532453808,1.0879082239773117,0.23782765196146508,0.842770073105804,-0.195413339,0
0.6887372317211945,-0.85677305,-0.805845946,-1.783978455,1.2572794614429912,1.1589125587465292,-0.440600256,-1.047503908,-0.864196415,-0.493886621,1.0879082239773117,0.23782765196146508,-0.30234924,-0.195029191,0
0.6887372317211945,-1.13115783,1.1038727746463004,0.5429499644318405,0.1704985927982509,1.661205062223354,-0.340423451,-1.047503908,-0.864196415,-0.493886621,-0.919195184,0.23782765196146508,0.7904549776041343,-0.192916377,0
0.6887372317211945,-0.301249405,-0.353544144,0.5429499644318405,0.44219380995943597,-0.347964952,-0.440600256,-1.047503908,-0.864196415,-0.493886621,1.0879082239773117,0.23782765196146508,0.6741992098226459,-0.182544379,0
-1.451932543,1.204067708325888,1.1541285304503655,0.5429499644318405,0.9855842442818061,-0.347964952,0.8302995144506837,0.9546503761693188,1.1571443517761548,0.9466160241547917,1.0879082239773117,0.23782765196146508,-1.069637307,-0.195413339,1
0.6887372317211945,-0.744486356,1.355151553666626,0.5429499644318405,-1.187977493,-0.347964952,-0.540777062,-1.047503908,-0.864196415,-0.493886621,-0.919195184,0.23782765196146508,-1.069637307,-0.195413339,0
-1.451932543,0.00015172224147267545,-0.253032632,0.5429499644318405,-1.45967271,-0.347964952,0.23222903401539735,0.9546503761693188,-0.864196415,-0.493886621,1.0879082239773117,0.23782765196146508,0.6741992098226459,-0.195413339,0
-1.451932543,-0.941199136,0.5510594608015836,0.5429499644318405,-0.916282276,-0.347964952,-0.216323826,0.9546503761693188,1.1571443517761548,-0.288100529,-0.919195184,0.23782765196146508,-0.139591165,-0.150468015,1
-1.451932543,-0.871125485,-0.487224454,0.5429499644318405,-1.187977493,0.15432755179287966,-0.515359067,0.9546503761693188,1.1571443517761548,0.3292577475321015,-0.919195184,-3.111173978,-0.604614236,-0.195413339,1
0.6887372317211945,-0.413536099,-0.102265365,0.5429499644318405,1.5289746786041762,-0.347964952,0.6179844938961571,0.9546503761693188,1.1571443517761548,-0.288100529,1.0879082239773117,0.23782765196146508,-0.3721027,-0.195413339,1
-1.451932543,-0.357814882,-0.62190988,0.5429499644318405,-1.731367927,-1.854842462,-0.664876687,-1.047503908,-0.864196415,-0.493886621,-0.919195184,0.23782765196146508,0.9067107453856226,-0.195221265,0
0.6887372317211945,0.8874698858983593,-0.747549269,0.5429499644318405,0.44219380995943597,-0.347964952,0.8302995144506837,0.9546503761693188,1.1571443517761548,0.7408299319472283,1.0879082239773117,0.23782765196146508,1.8367568876375295,1.7253270060992132,1
-1.451932543,-1.124403743,1.0536170188422351,0.5429499644318405,0.44219380995943597,-0.347964952,-0.365841446,-1.047503908,1.1571443517761548,-0.288100529,-0.919195184,0.23782765196146508,-0.3721027,-0.195221265,0
-1.451932543,-0.259036362,-0.75559019,0.5429499644318405,0.9855842442818061,-0.347964952,-0.365841446,0.9546503761693188,1.1571443517761548,-0.082314437,1.0879082239773117,0.23782765196146508,-0.098901646,-0.099376322,0
-1.451932543,-0.850018964,0.24952492597719264,0.5429499644318405,-0.372891842,-0.347964952,0.08271141390657576,0.9546503761693188,1.1571443517761548,0.12347165532453808,-0.919195184,0.23782765196146508,-0.604614236,-0.019089375,1
0.6887372317211945,-0.822158355,1.2546400420584958,0.5429499644318405,1.8006698957653613,-0.347964952,-0.578156467,0.9546503761693188,1.1571443517761548,0.7408299319472283,-0.919195184,0.23782765196146508,-0.366289912,-0.195413339,1
0.6887372317211945,-0.814560007,-0.856101702,0.5429499644318405,0.1704985927982509,-0.347964952,-0.627497282,-1.047503908,-0.864196415,-0.493886621,-0.919195184,0.23782765196146508,1.022966513167111,-0.195413339,0
0.6887372317211945,0.09302041682021452,0.8525939956259746,-1.783978455,0.44219380995943597,1.661205062223354,0.9050583245050945,0.9546503761693188,-0.864196415,-0.493886621,1.0879082239773117,0.23782765196146508,-0.174467895,-0.195413339,1
-1.451932543,1.1618546653355508,-0.75559019,0.5429499644318405,0.9855842442818061,-0.347964952,-0.627497282,-1.047503908,-0.864196415,-0.493886621,1.0879082239773117,0.23782765196146508,0.45912603942689245,-0.195413339,0
-1.451932543,-0.674412705,-0.839014745,-1.783978455,-1.731367927,-1.854842462,-0.627497282,-1.047503908,-0.864196415,-0.493886621,-0.919195184,0.23782765196146508,-0.3721027,-0.178702898,0
-1.451932543,-1.152264351,-0.848060781,0.5429499644318405,0.1704985927982509,-0.347964952,-0.141565016,-1.047503908,1.1571443517761548,-0.288100529,1.0879082239773117,0.23782765196146508,-0.604614236,-0.194452969,0
0.6887372317211945,0.1208810251938369,-0.454055655,-1.783978455,0.44219380995943597,-0.347964952,1.42836999488597,-1.047503908,-0.864196415,-0.493886621,1.0879082239773117,0.23782765196146508,0.5579434420411575,-0.195413339,0
-1.451932543,-0.751240443,-0.889270501,0.5429499644318405,0.9855842442818061,-0.347964952,-0.440600256,-1.047503908,-0.864196415,-0.493886621,-0.919195184,-3.111173978,-0.139591165,-0.195413339,0
0.6887372317211945,0.2618725887815631,-0.739508348,0.5429499644318405,-0.101196624,-0.347964952,-0.316500632,-1.047503908,-0.864196415,-0.493886621,-0.919195184,-3.111173978,-0.906879232,-0.195413339,0
0.6887372317211945,-0.160257841,-0.672165635,0.5429499644318405,0.44219380995943597,1.661205062223354,-0.440600256,0.9546503761693188,1.1571443517761548,-0.288100529,-0.919195184,0.23782765196146508,0.3254319064781808,-0.176205936,1
0.6887372317211945,0.022102504596447824,-0.454055655,0.5429499644318405,-0.372891842,-0.347964952,1.5778876149947916,0.9546503761693188,-0.864196415,-0.493886621,1.0879082239773117,0.23782765196146508,1.970451020586241,-0.195413339,0
-1.451932543,-0.920092615,-0.587735966,0.5429499644318405,0.9855842442818061,-0.347964952,-0.041388211,0.9546503761693188,1.1571443517761548,0.535043839739665,-0.919195184,0.23782765196146508,0.20917613869669247,0.285347969354351,1
0.6887372317211945,0.1842005896793426,-0.403799899,0.5429499644318405,-1.187977493,0.15432755179287966,-0.664876687,-1.047503908,-0.864196415,-0.493886621,-0.919195184,0.23782765196146508,-0.023335397,-0.195413339,0
0.6887372317211945,-0.801051834,-0.789764104,0.5429499644318405,0.1704985927982509,1.661205062223354,-0.017465392,-1.047503908,-0.864196415,-0.493886621,1.0879082239773117,0.23782765196146508,-0.325600393,-0.195413339,1
-1.451932543,0.32519215326706885,1.4556630652747564,0.5429499644318405,0.9855842442818061,1.661205062223354,3.5216166764094723,0.9546503761693188,1.1571443517761548,1.1524021163623552,-0.919195184,0.23782765196146508,-1.069637307,1.0703545484094734,1
0.6887372317211945,0.0297008523347088,-0.06005053,0.5429499644318405,1.5289746786041762,1.661205062223354,1.1412961642770327,0.9546503761693188,1.1571443517761548,0.12347165532453808,-0.919195184,0.23782765196146508,0.7381398821024645,-0.137791129,1
-1.451932543,-0.751240443,-0.797805025,0.5429499644318405,-1.187977493,-0.347964952,-0.639458691,-1.047503908,-0.864196415,-0.493886621,-0.919195184,0.23782765196146508,-0.232595779,-0.195413339,0
0.6887372317211945,-0.413536099,1.9753075802887907,0.5429499644318405,-1.187977493,0.15432755179287966,-0.664876687,-1.047503908,-0.864196415,-0.493886621,1.0879082239773117,0.23782765196146508,-0.034960974,-0.195413339,0
0.6887372317211945,1.0495679709812542,-0.554567167,0.5429499644318405,-0.101196624,-0.347964952,-0.141565016,0.9546503761693188,1.1571443517761548,-0.082314437,1.0879082239773117,0.23782765196146508,-1.069637307,-0.192532229,1
0.6887372317211945,-0.118044798,-0.738503233,-1.783978455,0.1704985927982509,-0.347964952,-0.652915277,-1.047503908,-0.864196415,-0.493886621,-0.919195184,0.23782765196146508,-0.081463281,-0.161032087,0
0.6887372317211945,0.5219049336020398,0.4505479491934533,0.5429499644318405,0.9855842442818061,1.661205062223354,2.774028575865364,0.9546503761693188,1.1571443517761548,0.9466160241547917,1.0879082239773117,0.23782765196146508,0.6741992098226459,-0.194452969,0
0.6887372317211945,-1.223182264,-0.939526256,-1.783978455,0.1704985927982509,-0.347964952,-0.652915277,-1.047503908,-0.864196415,-0.493886621,-0.919195184,0.23782765196146508,-0.255846932,-0.056735886,0
0.6887372317211945,1.4860508355013404,-0.49627049,0.5429499644318405,-1.731367927,-1.854842462,-0.578156467,-1.047503908,-0.864196415,-0.493886621,-0.919195184,0.23782765196146508,0.09292037091520411,-0.194837117,0
0.6887372317211945,-0.730133921,-0.922439299,0.5429499644318405,-0.101196624,-0.347964952,-0.639458691,-1.047503908,-0.864196415,-0.493886621,-0.919195184,-3.111173978,-1.069637307,-0.195413339,0
-1.451932543,0.2753807625384707,-0.705334434,-1.783978455,-1.187977493,1.661205062223354,-0.515359067,-1.047503908,-0.864196415,-0.493886621,1.0879082239773117,0.23782765196146508,-0.139591165,-0.195413339,0
0.6887372317211945,1.0706744924764227,1.2546400420584958,-1.783978455,-1.45967271,-0.347964952,-0.216323826,0.9546503761693188,-0.864196415,-0.493886621,-0.919195184,-3.111173978,-1.069637307,-0.195413339,0
0.6887372317211945,2.3581723036817057,-0.403799899,0.5429499644318405,0.44219380995943597,-0.347964952,-0.141565016,0.9546503761693188,1.1571443517761548,0.535043839739665,1.0879082239773117,0.23782765196146508,-0.720870004,-0.184273045,1
0.6887372317211945,-0.51231462,-0.88122958,0.5429499644318405,-0.101196624,-0.347964952,-0.590117877,0.9546503761693188,1.1571443517761548,0.12347165532453808,-0.919195184,0.23782765196146508,0.4416876742596692,2.706441174392231,1
-1.451932543,0.8452568429080222,-0.747549269,0.5429499644318405,-0.372891842,-0.347964952,-0.466018252,-1.047503908,-0.864196415,-0.493886621,-0.919195184,0.23782765196146508,0.3254319064781808,-0.149891793,0
0.6887372317211945,1.5206655307534165,2.862824227788581,0.5429499644318405,-1.731367927,-1.854842462,-0.664876687,0.9546503761693188,1.1571443517761548,-0.288100529,-0.919195184,0.23782765196146508,-0.523235198,-0.195413339,0
-1.451932543,0.1985530242960574,-0.637991722,-1.783978455,-1.731367927,-1.854842462,-0.664876687,0.9546503761693188,-0.864196415,-0.493886621,-0.919195184,0.23782765196146508,0.7904549776041343,-0.195413339,0
0.6887372317211945,-1.046731744,-0.15252112,-1.783978455,-1.187977493,-0.347964952,-0.365841446,-1.047503908,-0.864196415,-0.493886621,1.0879082239773117,0.23782765196146508,1.022966513167111,-0.003339305,0
-1.451932543,-0.596740706,-0.471142612,-1.783978455,0.1704985927982509,-0.347964952,-0.664876687,-1.047503908,-0.864196415,-0.493886621,-0.919195184,0.23782765196146508,-0.3721027,-0.195413339,0
0.6887372317211945,-0.695519226,-0.655078678,0.5429499644318405,0.1704985927982509,1.661205062223354,-0.241741822,0.9546503761693188,-0.864196415,-0.493886621,-0.919195184,0.23782765196146508,1.3833593932897248,-0.156998532,1
0.6887372317211945,3.174572555114826,0.8525939956259746,0.5429499644318405,-1.731367927,-1.854842462,0.5312642742330406,-1.047503908,1.1571443517761548,-0.288100529,-0.919195184,0.23782765196146508,-0.66274212,-0.194260895,0
0.6887372317211945,1.3594117065303288,-0.898316537,0.5429499644318405,0.1704985927982509,0.15432755179287966,3.8206519166271153,0.9546503761693188,1.1571443517761548,3.6218352228531168,-0.919195184,0.23782765196146508,-1.069637307,2.6856971786648143,1
-1.451932543,0.14198754668900546,-0.454055655,-1.783978455,0.1704985927982509,-0.347964952,0.08271141390657576,-1.047503908,-0.864196415,-0.493886621,1.0879082239773117,0.23782765196146508,-1.069637307,-0.195029191,0
0.6887372317211945,0.9862484064957484,-0.353544144,0.5429499644318405,0.9855842442818061,1.661205062223354,1.129334754668327,0.9546503761693188,1.1571443517761548,1.7697603929850454,-0.919195184,0.23782765196146508,-0.604614236,-0.195413339,1
0.6887372317211945,-0.723379835,-0.830973824,-1.783978455,-0.372891842,-0.347964952,-0.627497282,0.9546503761693188,-0.864196415,-0.493886621,-0.919195184,0.23782765196146508,-0.023335397,-0.195221265,0
0.6887372317211945,0.2686266756600169,-0.454055655,0.5429499644318405,1.5289746786041762,0.15432755179287966,-0.515359067,-1.047503908,-0.864196415,-0.493886621,-0.919195184,0.23782765196146508,0.953213052498218,-0.195413339,0
0.6887372317211945,2.1116481326181367,2.762312716180451,0.5429499644318405,-1.45967271,0.15432755179287966,3.8206519166271153,0.9546503761693188,1.1571443517761548,3.004476946230426,1.0879082239773117,0.23782765196146508,-1.069637307,-0.195413339,1
-1.451932543,1.063920405597969,0.38320523641600596,0.5429499644318405,0.9855842442818061,-0.347964952,1.5405082099675862,0.9546503761693188,1.1571443517761548,0.12347165532453808,1.0879082239773117,0.23782765196146508,-1.069637307,-0.195413339,1
-1.451932543,1.0774285793548766,-0.956613213,0.5429499644318405,0.1704985927982509,-0.347964952,0.08271141390657576,0.9546503761693188,-0.864196415,-0.493886621,-0.919195184,0.23782765196146508,-1.069637307,-0.195413339,1
0.6887372317211945,0.22641363266967976,-0.604822923,0.5429499644318405,0.44219380995943597,0.15432755179287966,-0.590117877,0.9546503761693188,-0.864196415,-0.493886621,1.0879082239773117,0.23782765196146508,-0.122152799,-0.195413339,0
-1.451932543,1.1339940569619285,-0.034922652,0.5429499644318405,-0.916282276,1.661205062223354,-0.365841446,-1.047503908,-0.864196415,-0.493886621,1.0879082239773117,-3.111173978,0.3254319064781808,-0.195413339,0
0.6887372317211945,-0.083430103,-0.41184082,-1.783978455,-0.101196624,-0.347964952,-0.627497282,-1.047503908,-0.864196415,-0.493886621,1.0879082239773117,-3.111173978,-0.604614236,-0.195413339,0
0.6887372317211945,-0.329110013,-0.805845946,0.5429499644318405,0.9855842442818061,1.661205062223354,-0.615535872,-1.047503908,-0.864196415,-0.493886621,1.0879082239773117,0.23782765196146508,0.20917613869669247,-0.147202756,0
0.6887372317211945,-1.025625222,0.5008037049975185,0.5429499644318405,-0.101196624,-0.347964952,-0.652915277,-1.047503908,1.1571443517761548,-0.288100529,-0.919195184,0.23782765196146508,-0.488358468,-0.195221265,0
-1.451932543,0.8241503214128536,-0.75559019,0.5429499644318405,-1.187977493,0.15432755179287966,0.007952603852164964,0.9546503761693188,-0.864196415,-0.493886621,1.0879082239773117,0.23782765196146508,-1.069637307,-0.137791129,1
-1.451932543,-0.681166792,-0.655078678,0.5429499644318405,0.44219380995943597,-0.347964952,-0.403220851,-1.047503908,-0.864196415,-0.493886621,1.0879082239773117,0.23782765196146508,-0.139591165,-0.195413339,0
0.6887372317211945,0.008594330839540225,-0.789764104,0.5429499644318405,1.8006698957653613,-0.347964952,-0.265664641,0.9546503761693188,1.1571443517761548,1.1524021163623552,1.0879082239773117,0.23782765196146508,0.6916375749898691,0.43651023451617665,1
-1.451932543,-1.159862699,1.2546400420584958,0.5429499644318405,1.8006698957653613,1.661205062223354,-0.365841446,0.9546503761693188,1.1571443517761548,1.7697603929850454,-0.919195184,0.23782765196146508,-1.069637307,0.3808087645073718,1
-1.451932543,0.13523345981055165,-0.504311411,-1.783978455,1.5289746786041762,-0.347964952,0.38174665412421893,-1.047503908,-0.864196415,-0.493886621,1.0879082239773117,0.23782765196146508,0.09292037091520411,-0.1683309,0
-1.451932543,1.7671897018169855,0.4505479491934533,0.5429499644318405,-0.372891842,1.661205062223354,0.23222903401539735,-1.047503908,-0.864196415,-0.493886621,-0.919195184,0.23782765196146508,-1.069637307,-0.195413339,0
-1.451932543,-0.519068707,-0.730462312,0.5429499644318405,0.9855842442818061,-0.347964952,-0.279121227,0.9546503761693188,1.1571443517761548,-0.082314437,-0.919195184,0.23782765196146508,0.09292037091520411,-0.195413339,0
0.6887372317211945,0.7608307569273479,-0.655078678,0.5429499644318405,-1.187977493,0.15432755179287966,-0.664876687,-1.047503908,-0.864196415,-0.493886621,-0.919195184,-3.111173978,0.6741992098226459,-0.195413339,0
0.6887372317211945,-0.645707836,-0.839014745,-1.783978455,1.5289746786041762,1.661205062223354,-0.627497282,-1.047503908,-0.864196415,-0.493886621,-0.919195184,0.23782765196146508,0.3254319064781808,-0.195221265,0
0.6887372317211945,2.0626810027493456,1.5561745768828867,0.5429499644318405,-0.916282276,1.661205062223354,1.727405235103613,0.9546503761693188,-0.864196415,-0.493886621,1.0879082239773117,0.23782765196146508,-0.930130386,0.19411280296061892,1
-1.451932543,-0.259036362,-0.345503223,-1.783978455,1.8006698957653613,1.661205062223354,0.0946728235152815,0.9546503761693188,1.1571443517761548,-0.288100529,-0.919195184,0.23782765196146508,-0.66274212,-0.195413339,1
0.6887372317211945,0.0432090260916164,-0.15252112,0.5429499644318405,-0.101196624,-0.347964952,0.08271141390657576,0.9546503761693188,-0.864196415,-0.493886621,1.0879082239773117,0.23782765196146508,1.022966513167111,-0.195413339,1
0.6887372317211945,-0.877879572,-0.780718068,-1.783978455,0.1704985927982509,1.661205062223354,-0.590117877,-1.047503908,-0.864196415,-0.493886621,-0.919195184,0.23782765196146508,0.5579434420411575,-0.156230236,0
0.6887372317211945,0.21965954579122596,0.8867679095727389,0.5429499644318405,0.1704985927982509,-0.347964952,0.6807818943418621,0.9546503761693188,1.1571443517761548,1.975546485192609,1.0879082239773117,0.23782765196146508,-1.069637307,-0.152964977,1
0.6887372317211945,0.9862484064957484,4.11117720196156,0.5429499644318405,0.9855842442818061,1.661205062223354,-0.602079286,0.9546503761693188,1.1571443517761548,-0.288100529,-0.919195184,0.23782765196146508,3.3480818687968776,-0.178126676,0
-1.451932543,0.564117976592377,0.24952492597719264,0.5429499644318405,-0.916282276,-0.347964952,-0.365841446,0.9546503761693188,-0.864196415,-0.493886621,1.0879082239773117,0.23782765196146508,-1.069637307,-0.195413339,1
0.6887372317211945,0.4940443252284174,-0.546526246,0.5429499644318405,0.44219380995943597,-0.347964952,-0.652915277,0.9546503761693188,-0.864196415,-0.493886621,1.0879082239773117,0.23782765196146508,1.2554780487300876,0.9186160611441084,1
0.6887372317211945,-0.146749667,-0.546526246,-1.783978455,1.8006698957653613,1.661205062223354,-0.652915277,-1.047503908,-0.864196415,-0.493886621,-0.919195184,0.23782765196146508,-0.325600393,-0.195221265,0
0.6887372317211945,0.48644597749015644,-0.420886856,0.5429499644318405,1.5289746786041762,-0.347964952,-0.615535872,-1.047503908,-0.864196415,-0.493886621,1.0879082239773117,0.23782765196146508,-1.069637307,-0.099184248,0
0.6887372317211945,-0.020110538,2.9633357393967117,0.5429499644318405,0.1704985927982509,-0.347964952,1.42836999488597,0.9546503761693188,1.1571443517761548,2.7986908540228628,-0.919195184,0.23782765196146508,-1.069637307,0.7649568335336122,1
0.6887372317211945,0.3809133700143136,-0.446014734,0.5429499644318405,-1.731367927,-1.854842462,-0.664876687,-1.047503908,-0.864196415,-0.493886621,-0.919195184,0.23782765196146508,-1.069637307,-0.003339305,0
0.6887372317211945,-0.93444505,-0.471142612,0.5429499644318405,0.1704985927982509,-0.347964952,-0.066806206,0.9546503761693188,1.1571443517761548,1.7697603929850454,1.0879082239773117,0.23782765196146508,0.09292037091520411,0.3808087645073718,1
0.6887372317211945,1.3171986635399917,0.21635612714650962,0.5429499644318405,0.44219380995943597,-0.347964952,0.9798171345595054,-1.047503908,-0.864196415,-0.493886621,-0.919195184,0.23782765196146508,1.6333092940199248,-0.166602234,0
0.6887372317211945,-0.807805921,0.6184021735790309,-1.783978455,-1.187977493,0.15432755179287966,-0.615535872,-1.047503908,-0.864196415,-0.493886621,1.0879082239773117,0.23782765196146508,-8.42E-05,-0.195413339,0
0.6887372317211945,-0.93444505,1.0536170188422351,-1.783978455,0.1704985927982509,-0.347964952,0.08271141390657576,0.9546503761693188,-0.864196415,-0.493886621,-0.919195184,-3.111173978,-0.837125771,-0.195413339,1
0.6887372317211945,0.28297911027673167,-0.454055655,0.5429499644318405,0.44219380995943597,-0.347964952,-0.664876687,0.9546503761693188,-0.864196415,-0.493886621,1.0879082239773117,0.23782765196146508,0.3196191180891064,-0.156998532,1
0.6887372317211945,-0.632199662,-0.780718068,0.5429499644318405,-0.101196624,-0.347964952,-0.639458691,-1.047503908,1.1571443517761548,0.3292577475321015,-0.919195184,0.23782765196146508,0.40681094392522266,0.17913102826859553,0
0.6887372317211945,0.48644597749015644,0.350036437585323,0.5429499644318405,-0.101196624,1.661205062223354,0.6060230842874513,0.9546503761693188,1.1571443517761548,1.975546485192609,1.0879082239773117,0.23782765196146508,-0.529047987,-0.195413339,1
-1.451932543,-0.913338528,0.9611464281627552,0.5429499644318405,-1.187977493,-0.347964952,-0.652915277,-1.047503908,-0.864196415,-0.493886621,-0.919195184,0.23782765196146508,0.09292037091520411,-0.003339305,0
0.6887372317211945,0.4307247607429117,-0.303288388,0.5429499644318405,0.9855842442818061,1.661205062223354,2.0264404753212566,0.9546503761693188,-0.864196415,-0.493886621,1.0879082239773117,0.23782765196146508,-0.476732891,-0.072678031,1
0.6887372317211945,-0.758838791,1.0616579397708854,0.5429499644318405,1.8006698957653613,-0.347964952,-0.652915277,0.9546503761693188,1.1571443517761548,1.3581882085699186,-0.919195184,0.23782765196146508,-0.720870004,-0.119352021,1
-1.451932543,-0.392429578,1.7571976000991476,0.5429499644318405,0.9855842442818061,1.661205062223354,0.8302995144506837,0.9546503761693188,1.1571443517761548,-0.082314437,-0.919195184,0.23782765196146508,-1.069637307,0.7649568335336122,1
-1.451932543,1.2749856205496546,-0.864142623,0.5429499644318405,1.5289746786041762,1.661205062223354,-0.540777062,0.9546503761693188,1.1571443517761548,1.7697603929850454,1.0879082239773117,0.23782765196146508,1.4879895842930644,-0.194260895,1
-1.451932543,1.7393290934433632,-0.956613213,-1.783978455,-1.731367927,-1.854842462,-0.664876687,-1.047503908,-0.864196415,-0.493886621,-0.919195184,0.23782765196146508,-1.069637307,-0.195413339,0
0.6887372317211945,0.6417899756945974,-0.454055655,-1.783978455,-1.187977493,1.661205062223354,2.3254757155388996,-1.047503908,-0.864196415,-0.493886621,1.0879082239773117,-3.111173978,0.09292037091520411,-0.195413339,0
0.6887372317211945,0.6417899756945974,-0.629950801,0.5429499644318405,0.1704985927982509,-0.347964952,-0.216323826,0.9546503761693188,1.1571443517761548,1.563974300777482,-0.919195184,0.23782765196146508,0.011541333468162255,0.7073346231796762,1
-1.451932543,-0.329110013,-0.546526246,0.5429499644318405,0.44219380995943597,-0.347964952,-0.590117877,-1.047503908,-0.864196415,-0.493886621,1.0879082239773117,0.23782765196146508,-0.023335397,-0.185809637,0
0.6887372317211945,-1.046731744,0.9531055072341049,0.5429499644318405,0.44219380995943597,-0.347964952,-0.216323826,0.9546503761693188,-0.864196415,-0.493886621,-0.919195184,0.23782765196146508,-0.3721027,0.2283019811039543,1
0.6887372317211945,0.6696505840682198,-0.102265365,0.5429499644318405,0.1704985927982509,0.15432755179287966,1.2788523747771483,0.9546503761693188,1.1571443517761548,2.7986908540228628,-0.919195184,0.23782765196146508,-0.389541065,0.03699624272888656,1
0.6887372317211945,0.4096182392477431,-0.805845946,-1.783978455,-1.45967271,-0.347964952,-0.489941071,-1.047503908,-0.864196415,-0.493886621,-0.919195184,0.23782765196146508,0.3254319064781808,-0.194837117,0
0.6887372317211945,-0.455749142,-0.906357458,0.5429499644318405,-1.187977493,0.15432755179287966,-0.664876687,0.9546503761693188,-0.864196415,-0.493886621,1.0879082239773117,0.23782765196146508,-1.069637307,-0.195413339,1
0.6887372317211945,0.662896497189766,-0.612863844,-1.783978455,-0.101196624,-0.347964952,-0.615535872,-1.047503908,-0.864196415,-0.493886621,-0.919195184,-3.111173978,1.2554780487300876,-0.195413339,0
0.6887372317211945,0.8739617121414517,-0.872183544,0.5429499644318405,0.1704985927982509,1.661205062223354,-0.602079286,0.9546503761693188,1.1571443517761548,0.7408299319472283,-0.919195184,0.23782765196146508,0.20917613869669247,-0.013327154,1
0.6887372317211945,-0.864371398,0.5510594608015836,0.5429499644318405,-0.372891842,-0.347964952,-0.241741822,0.9546503761693188,1.1571443517761548,-0.288100529,-0.919195184,0.23782765196146508,-0.604614236,1.6869121991965892,1
-1.451932543,-0.969904006,-0.705334434,0.5429499644318405,0.1704985927982509,-0.347964952,-0.664876687,-1.047503908,-0.864196415,-0.493886621,-0.919195184,0.23782765196146508,-1.069637307,-0.195413339,0
-1.451932543,-0.336708361,-0.353544144,0.5429499644318405,-0.101196624,-0.347964952,0.1694316335696923,-1.047503908,1.1571443517761548,-0.288100529,1.0879082239773117,0.23782765196146508,0.5579434420411575,-0.193492599,0
0.6887372317211945,-0.843264877,-0.797805025,-1.783978455,1.5289746786041762,-0.347964952,-0.466018252,-1.047503908,-0.864196415,-0.493886621,-0.919195184,0.23782765196146508,-0.139591165,-0.195413339,0
0.6887372317211945,-0.280142883,0.07362978066296458,0.5429499644318405,1.8006698957653613,-0.347964952,0.755540704396273,0.9546503761693188,1.1571443517761548,-0.082314437,-0.919195184,0.23782765196146508,1.371733816511576,-0.194068821,1
0.6887372317211945,-0.392429578,-0.504311411,0.5429499644318405,-1.187977493,0.15432755179287966,-0.515359067,-1.047503908,-0.864196415,-0.493886621,1.0879082239773117,0.23782765196146508,2.6505472621079478,0.572882799020492,0
-1.451932543,-1.110051308,0.9028497514300398,0.5429499644318405,0.9855842442818061,-0.347964952,-0.303044046,0.9546503761693188,1.1571443517761548,0.3292577475321015,-0.919195184,0.23782765196146508,-0.720870004,-0.09169336,1
-1.451932543,-0.702273313,0.22439704807516006,0.5429499644318405,0.9855842442818061,-0.347964952,0.2830650248523967,0.9546503761693188,1.1571443517761548,1.563974300777482,-0.919195184,0.23782765196146508,-0.3721027,-0.148355201,1
0.6887372317211945,-0.674412705,-0.596782002,0.5429499644318405,0.1704985927982509,-0.347964952,-0.503397657,-1.047503908,-0.864196415,-0.493886621,1.0879082239773117,0.23782765196146508,-0.279098086,-0.195221265,0
0.6887372317211945,-0.273388796,0.048501902760932,0.5429499644318405,0.44219380995943597,-0.347964952,2.6245109557565427,0.9546503761693188,-0.864196415,-0.493886621,1.0879082239773117,0.23782765196146508,-0.66274212,-0.195413339,1
0.6887372317211945,-0.497962185,-0.512352332,-1.783978455,-0.372891842,-0.347964952,0.5312642742330406,0.9546503761693188,-0.864196415,-0.493886621,-0.919195184,0.23782765196146508,0.023166910246311092,-0.195413339,0
-1.451932543,-0.252282275,-0.62190988,0.5429499644318405,0.9855842442818061,-0.347964952,0.0572934184880761,0.9546503761693188,-0.864196415,-0.493886621,1.0879082239773117,0.23782765196146508,1.4879895842930644,-0.195413339,0
0.6887372317211945,-0.730133921,-0.320375345,-1.783978455,0.1704985927982509,-0.347964952,-0.615535872,-1.047503908,-0.864196415,-0.493886621,-0.919195184,0.23782765196146508,-0.139591165,0.007800989482892285,0
-1.451932543,-0.596740706,-0.747549269,-1.783978455,-1.731367927,-1.854842462,-0.515359067,0.9546503761693188,1.1571443517761548,0.12347165532453808,-0.919195184,0.23782765196146508,-0.023335397,-0.167178456,0
0.6887372317211945,-0.575634184,-0.848060781,0.5429499644318405,-0.101196624,-0.347964952,-0.365841446,-1.047503908,-0.864196415,-0.493886621,1.0879082239773117,0.23782765196146508,-0.3721027,-0.195221265,0
0.6887372317211945,0.0364549392131626,-0.604822923,-1.783978455,0.7138890271206211,1.661205062223354,-0.652915277,0.9546503761693188,-0.864196415,-0.493886621,1.0879082239773117,0.23782765196146508,1.2147885300065668,-0.195413339,1
0.6887372317211945,1.3940264017824051,-0.202776876,0.5429499644318405,-1.187977493,0.15432755179287966,-0.365841446,-1.047503908,-0.864196415,-0.493886621,-0.919195184,0.23782765196146508,-0.488358468,-0.195029191,0
-1.451932543,-0.265790449,-0.253032632,0.5429499644318405,0.44219380995943597,-0.347964952,-0.415182261,0.9546503761693188,-0.864196415,-0.493886621,-0.919195184,-3.111173978,0.5579434420411575,-0.195413339,1
0.6887372317211945,-0.519068707,-0.848060781,0.5429499644318405,0.44219380995943597,-0.347964952,-0.615535872,-1.047503908,1.1571443517761548,-0.288100529,-0.919195184,0.23782765196146508,0.5114411349285622,-0.110132468,0
0.6887372317211945,-1.096543135,1.1119136955749507,0.5429499644318405,-1.731367927,-1.854842462,-0.540777062,-1.047503908,-0.864196415,-0.493886621,-0.919195184,0.23782765196146508,-0.604614236,-0.195413339,0
0.6887372317211945,-0.835666529,-0.722421391,-1.783978455,-0.916282276,-0.347964952,0.08271141390657576,0.9546503761693188,1.1571443517761548,-0.288100529,-0.919195184,0.23782765196146508,-0.023335397,-0.191571858,0
0.6887372317211945,-0.589986619,-0.705334434,0.5429499644318405,0.1704985927982509,-0.347964952,-0.590117877,-1.047503908,-0.864196415,-0.493886621,-0.919195184,0.23782765196146508,-0.430230584,-0.195413339,0
0.6887372317211945,-1.286501828,-0.135434163,0.5429499644318405,-1.187977493,1.661205062223354,-0.540777062,-1.047503908,-0.864196415,-0.493886621,1.0879082239773117,0.23782765196146508,-0.3721027,-0.195413339,0
0.6887372317211945,-0.406782012,-0.554567167,0.5429499644318405,-1.45967271,-0.347964952,-0.440600256,-1.047503908,-0.864196415,-0.493886621,1.0879082239773117,0.23782765196146508,-0.604614236,-0.195413339,0
0.6887372317211945,1.4016247495206662,-0.253032632,0.5429499644318405,-0.372891842,-0.347964952,0.38174665412421893,0.9546503761693188,-0.864196415,-0.493886621,-0.919195184,-3.111173978,0.26730402258743663,-0.195413339,1
0.6887372317211945,-0.681166792,-0.403799899,0.5429499644318405,-1.731367927,-1.854842462,0.6807818943418621,-1.047503908,-0.864196415,-0.493886621,-0.919195184,0.23782765196146508,-0.139591165,-0.190611488,0
-1.451932543,0.7962897130392312,-0.546526246,-1.783978455,0.9855842442818061,1.661205062223354,-0.627497282,0.9546503761693188,1.1571443517761548,4.239193499475807,1.0879082239773117,0.23782765196146508,1.5751814101291806,0.04199016762622768,1
0.6887372317211945,0.30408563177190023,4.094090244988178,0.5429499644318405,1.8006698957653613,1.661205062223354,-0.178944421,0.9546503761693188,1.1571443517761548,-0.288100529,1.0879082239773117,0.23782765196146508,1.9239487134736457,-0.099376322,1
0.6887372317211945,-0.66006027,1.4556630652747564,0.5429499644318405,0.1704985927982509,-0.347964952,-0.041388211,-1.047503908,-0.864196415,-0.493886621,-0.919195184,-3.111173978,-0.604614236,-0.195413339,0
0.6887372317211945,-1.088944787,0.048501902760932,0.5429499644318405,0.9855842442818061,-0.347964952,-0.552738472,0.9546503761693188,1.1571443517761548,-0.082314437,-0.919195184,0.23782765196146508,-1.069637307,-0.188114526,0
0.6887372317211945,-0.104536624,-0.856101702,0.5429499644318405,-1.45967271,1.661205062223354,-0.639458691,-1.047503908,-0.864196415,-0.493886621,1.0879082239773117,-3.111173978,0.39518536714707386,-0.195413339,0
-1.451932543,-0.997764614,-0.805845946,0.5429499644318405,0.1704985927982509,-0.347964952,-0.427143671,0.9546503761693188,1.1571443517761548,0.535043839739665,1.0879082239773117,0.23782765196146508,-0.255846932,-0.194452969,0
0.6887372317211945,-0.455749142,-0.788758989,0.5429499644318405,1.5289746786041762,-0.347964952,-0.316500632,-1.047503908,-0.864196415,-0.493886621,-0.919195184,0.23782765196146508,-0.488358468,-0.195413339,0
0.6887372317211945,-0.23792984,-0.655078678,-1.783978455,0.1704985927982509,-0.347964952,-0.216323826,0.9546503761693188,-0.864196415,-0.493886621,1.0879082239773117,0.23782765196146508,-1.069637307,-0.152196681,0
0.6887372317211945,-0.244683927,0.9199367084034221,0.5429499644318405,0.9855842442818061,1.661205062223354,1.0291579491954164,0.9546503761693188,1.1571443517761548,0.7408299319472283,-0.919195184,0.23782765196146508,1.1450350693376738,-0.163144901,1
0.6887372317211945,-0.470101577,-0.75559019,0.5429499644318405,0.9855842442818061,-0.347964952,-0.141565016,0.9546503761693188,-0.864196415,-0.493886621,1.0879082239773117,0.23782765196146508,0.5579434420411575,-0.195413339,1
0.6887372317211945,-0.681166792,-0.320375345,-1.783978455,-0.916282276,-0.347964952,-0.540777062,-1.047503908,1.1571443517761548,-0.288100529,1.0879082239773117,0.23782765196146508,0.5579434420411575,-0.180047416,0
0.6887372317211945,-0.442240968,1.6566860884910173,0.5429499644318405,0.7138890271206211,-1.352549959,-0.664876687,-1.047503908,-0.864196415,-0.493886621,1.0879082239773117,0.23782765196146508,-0.255846932,0.017788839277574537,0
0.6887372317211945,1.9216894391616195,0.40029219338938815,0.5429499644318405,0.1704985927982509,1.661205062223354,0.12009081893378117,0.9546503761693188,1.1571443517761548,1.7697603929850454,1.0879082239773117,0.23782765196146508,-1.069637307,-0.140864313,1
0.6887372317211945,0.00015172224147267545,-0.88122958,0.5429499644318405,-1.45967271,-0.347964952,-0.403220851,0.9546503761693188,-0.864196415,-0.493886621,1.0879082239773117,-3.111173978,4.32463031816138,-0.195413339,0
-1.451932543,-0.533421141,1.5561745768828867,0.5429499644318405,-1.45967271,-0.347964952,-0.365841446,-1.047503908,-0.864196415,-0.493886621,1.0879082239773117,0.23782765196146508,-0.023335397,0.008569285620944765,0
0.6887372317211945,0.13523345981055165,-0.320375345,-1.783978455,1.8006698957653613,-0.347964952,0.2815698486513085,0.9546503761693188,1.1571443517761548,0.12347165532453808,1.0879082239773117,0.23782765196146508,1.1392222809485992,-0.195413339,1
0.6887372317211945,0.6696505840682198,-0.629950801,0.5429499644318405,0.1704985927982509,-0.347964952,-0.216323826,-1.047503908,-0.864196415,-0.493886621,-0.919195184,0.23782765196146508,-1.069637307,-0.134717944,0
-1.451932543,-1.173370873,-0.956613213,-1.783978455,-0.644587059,-1.854842462,-0.664876687,-1.047503908,-0.864196415,-0.493886621,-0.919195184,0.23782765196146508,-0.569737505,-0.195413339,0
0.6887372317211945,-0.645707836,-0.822932903,0.5429499644318405,0.1704985927982509,-0.347964952,-0.615535872,-1.047503908,-0.864196415,-0.493886621,-0.919195184,0.23782765196146508,-0.488358468,-0.195413339,1
0.6887372317211945,-0.413536099,-0.41184082,-1.783978455,1.5289746786041762,-0.347964952,0.9050583245050945,0.9546503761693188,1.1571443517761548,-0.288100529,-0.919195184,0.23782765196146508,0.1568610431950227,-0.195413339,1
-1.451932543,-0.765592878,-0.873188659,0.5429499644318405,-1.187977493,-0.347964952,-0.564699881,-1.047503908,-0.864196415,-0.493886621,1.0879082239773117,-3.111173978,-0.232595779,-0.195413339,0
0.6887372317211945,0.7051095401801032,-0.848060781,-1.783978455,-0.372891842,-0.347964952,-0.515359067,0.9546503761693188,1.1571443517761548,0.12347165532453808,-0.919195184,0.23782765196146508,0.09292037091520411,-0.003339305,1
-1.451932543,-0.46334749,0.7852512828485271,0.5429499644318405,-0.372891842,-0.347964952,-0.241741822,0.9546503761693188,-0.864196415,-0.493886621,-0.919195184,0.23782765196146508,-0.139591165,-0.166602234,1
0.6887372317211945,-0.976658093,-0.956613213,0.5429499644318405,-1.45967271,-0.347964952,-0.515359067,-1.047503908,-0.864196415,-0.493886621,-0.919195184,0.23782765196146508,-0.232595779,-0.195413339,0
0.6887372317211945,0.00015172224147267545,-0.15252112,-1.783978455,-1.187977493,-0.347964952,-0.639458691,-1.047503908,-0.864196415,-0.493886621,1.0879082239773117,0.23782765196146508,1.3194187210099062,-0.195413339,0
0.6887372317211945,-0.406782012,-0.052009609,-1.783978455,0.1704985927982509,0.15432755179287966,0.08271141390657576,-1.047503908,-0.864196415,-0.493886621,-0.919195184,0.23782765196146508,0.09292037091520411,0.03699624272888656,0
-1.451932543,-0.56128175,-0.705334434,0.5429499644318405,-1.731367927,-1.854842462,-0.664876687,0.9546503761693188,-0.864196415,-0.493886621,-0.919195184,0.23782765196146508,-0.604614236,-0.195413339,0
-1.451932543,0.05756146070833117,-0.655078678,0.5429499644318405,0.1704985927982509,-0.347964952,-0.590117877,-1.047503908,-0.864196415,-0.493886621,1.0879082239773117,0.23782765196146508,1.092719973836004,-0.171980307,0
0.6887372317211945,-1.173370873,-0.06005053,0.5429499644318405,0.1704985927982509,-0.347964952,-0.590117877,-1.047503908,-0.864196415,-0.493886621,-0.919195184,-3.111173978,-0.604614236,-0.195413339,0
-1.451932543,0.5219049336020398,0.14901341436906232,0.5429499644318405,0.9855842442818061,-0.347964952,-0.627497282,0.9546503761693188,-0.864196415,-0.493886621,1.0879082239773117,0.23782765196146508,0.2556784458092878,-0.195413339,1
0.6887372317211945,-0.751240443,-0.446014734,-1.783978455,0.1704985927982509,1.661205062223354,0.10812940932507542,0.9546503761693188,-0.864196415,-0.493886621,-0.919195184,0.23782765196146508,-1.069637307,-0.195413339,1
-1.451932543,-1.152264351,1.0958318537176501,0.5429499644318405,-1.731367927,-1.854842462,-0.664876687,-1.047503908,-0.864196415,-0.493886621,-0.919195184,0.23782765196146508,-1.069637307,-0.185809637,0
0.6887372317211945,-0.603494793,1.523005778052204,0.5429499644318405,0.9855842442818061,1.661205062223354,-0.190905831,0.9546503761693188,-0.864196415,-0.493886621,1.0879082239773117,0.23782765196146508,-0.3721027,-0.195413339,1
-1.451932543,-0.491208098,-0.856101702,0.5429499644318405,0.1704985927982509,1.661205062223354,-0.403220851,0.9546503761693188,-0.864196415,-0.493886621,1.0879082239773117,0.23782765196146508,1.7844417921358597,-0.195413339,1
0.6887372317211945,-0.455749142,1.5561745768828867,-1.783978455,-0.916282276,1.661205062223354,-0.291082636,-1.047503908,-0.864196415,-0.493886621,1.0879082239773117,0.23782765196146508,-1.069637307,-0.19214808,0
-1.451932543,-0.744486356,0.28269372480787563,0.5429499644318405,-0.372891842,-0.347964952,-0.615535872,-1.047503908,-0.864196415,-0.493886621,-0.919195184,0.23782765196146508,0.20917613869669247,-0.003339305,0
0.6887372317211945,-0.723379835,-0.805845946,0.5429499644318405,-0.101196624,-0.347964952,-0.515359067,0.9546503761693188,-0.864196415,-0.493886621,1.0879082239773117,-3.111173978,0.7904549776041343,-0.195413339,0
0.6887372317211945,-0.497962185,-0.898316537,-1.783978455,0.1704985927982509,-0.347964952,-0.216323826,-1.047503908,-0.864196415,-0.493886621,1.0879082239773117,0.23782765196146508,-0.139591165,-0.195413339,0
0.6887372317211945,1.4362394447727422,-0.915403494,-1.783978455,-0.916282276,-0.347964952,-0.590117877,0.9546503761693188,1.1571443517761548,1.7697603929850454,-0.919195184,0.23782765196146508,1.1392222809485992,0.32933292325785557,1
0.6887372317211945,-0.877879572,-0.956613213,0.5429499644318405,0.1704985927982509,-0.347964952,-0.515359067,-1.047503908,-0.864196415,-0.493886621,1.0879082239773117,-3.111173978,-1.069637307,-0.195413339,0
0.6887372317211945,0.31083971865035404,2.3602666697479298,-1.783978455,0.1704985927982509,-0.347964952,0.5312642742330406,0.9546503761693188,-0.864196415,-0.493886621,-0.919195184,0.23782765196146508,-0.604614236,-0.195413339,0
-1.451932543,-0.730133921,1.3722385106400086,0.5429499644318405,1.5289746786041762,-0.347964952,-0.652915277,0.9546503761693188,-0.864196415,-0.493886621,-0.919195184,0.23782765196146508,-0.604614236,0.06369453352621027,1
-1.451932543,1.4016247495206662,-0.688247477,0.5429499644318405,-1.187977493,1.1589125587465292,-0.564699881,-1.047503908,-0.864196415,-0.493886621,-0.919195184,0.23782765196146508,-1.069637307,-0.172364455,0
0.6887372317211945,0.9651418850005798,-0.898316537,-1.783978455,1.5289746786041762,1.661205062223354,-0.141565016,0.9546503761693188,1.1571443517761548,1.1524021163623552,-0.919195184,0.23782765196146508,-0.488358468,-0.123385576,1
0.6887372317211945,0.00015172224147267545,1.1541285304503655,0.5429499644318405,1.8006698957653613,-0.347964952,1.2788523747771483,0.9546503761693188,-0.864196415,-0.493886621,-0.919195184,0.23782765196146508,-1.069637307,-0.195413339,1
0.6887372317211945,-0.920092615,-0.873188659,0.5429499644318405,0.1704985927982509,-0.347964952,-0.627497282,-1.047503908,-0.864196415,-0.493886621,-0.919195184,0.23782765196146508,-1.069637307,-0.186962082,0
-1.451932543,-1.075436613,0.9611464281627552,0.5429499644318405,-0.372891842,-0.347964952,-0.639458691,0.9546503761693188,-0.864196415,-0.493886621,-0.919195184,0.23782765196146508,-0.488358468,-0.195413339,1
-1.451932543,-0.350216535,1.9582206233154082,0.5429499644318405,1.8006698957653613,1.661205062223354,0.257647029433897,0.9546503761693188,1.1571443517761548,-0.288100529,-0.919195184,0.23782765196146508,-0.3721027,-0.193300525,1
0.6887372317211945,0.7962897130392312,-0.948572292,0.5429499644318405,0.7138890271206211,-0.347964952,-0.652915277,-1.047503908,1.1571443517761548,-0.288100529,-0.919195184,-3.111173978,2.1855241909819947,-0.195413339,1
